:020000040000FA
:100000000C94D8020C942D250C9402250C94D72422
:100010000C94AC240C9481240C9456240C942B2422
:100020000C9400240C9454260C9454260C945426BE
:100030000C9482270C9409030C9409030C94090373
:100040000C9409030C9409030C9409030C94090300
:100050000C9409030C9409030C9409030C94B62323
:100060000C9409030C942A260C9400260C94090382
:100070000C9409030C9409030C9409030C940903D0
:100080000C9409030C9409030C9409030C940903C0
:100090000C9409030C9409030C9409030C945E2638
:1000A0000C9409030C9409030C9409030C940903A0
:1000B0000C9409030C9409030C9409030C94090390
:1000C0000C9409030C9409030C9409030C94D62591
:1000D0000C94AC250C9409030C9482250C9458259F
:1000E0000C9409030C9451030C9488030C94CA05D6
:1000F0000C94F9050C94F2050C9486120C94A2064B
:100100000C94AA040C94A4050C9488050C94EB049C
:100110000C94D11D0C946E210C949A050C9412171A
:100120000C944B180C9496050C949F3E0C948403ED
:100130000C9441220C9456120C9424060C944718EB
:100140000C94D9050C9498040C9496030C94B10665
:100150000C9485050C94B4040C9476030C94EE274F
:100160000C94E1040C9423210C94EB050C944307AC
:100170000C94A8050C94E0050C94CD040C945C063A
:100180000C94B31D0C9429060C940D1E0C94CF05F1
:100190000C94F6050C948F050C94F8160C945703E8
:1001A0000C94BB050C94E60F0C9406140C94630895
:1001B0000C9448210C9432030C94AC050C94230647
:1001C0000C949D050C947E050C94A3120C942506AA
:1001D0000C94E7170C9451070C9472040C94FF04D0
:1001E0000C947A030C9486040C94B7050C94A00428
:1001F0000C946D040C9465040C9442180C94F50452
:100200000C940E060C94D5050C94D8130C94910301
:100210000C94EC110C948C030C94C0050C946303A7
:100220000C94B1050C946C030C94DC050C948205C1
:100230000C94C6050C940B170C94EF050C946603F4
:100240000C94EF1D0C94E9160C9492030C945F032C
:100250000C94E2130C9470030C94981D0C94A1055B
:100260000C9482170C94BE040C944D120C945B03F6
:100270000C94301A0C9411080C94D7040C943F176A
:100280000C9490040C94DA210C9476120C947E0356
:100290000C947C0400407A10F35A00A0724E1809A6
:1002A0000010A5D4E80000E87648170000E40B54DD
:1002B000020000CA9A3B000000E1F50500008096AC
:1002C0009800000040420F000000A08601000000DE
:1002D000102700000000E803000000006400000098
:1002E00000000A00000000000100000000002C7661
:1002F000D888DC674F0823DFC1DFAE59E1B1B7967C
:10030000E5E3E453C63AE651997696E8E6C28426D8
:10031000EB898C9B62ED407C6FFCEFBC9C9F40F2B4
:10032000BAA56FA5F490055A2AF75C936B6CF96730
:100330006DC11BFCE0E40D47FEF520E6B500D0EDF5
:10034000902E0300943577050080841E080000205D
:100350004E0A000000C80C333333330F986E1283FB
:100360001141EF8D2114893BE65516CFFEE6DB18CF
:10037000D1844B381BF77C1D901DA4BBE424203294
:1003800084725E228100C9F124ECA1E53D277461ED
:1003900075746F2E7478743D224D616E75616C6555
:1003A0002200746175746F2E7478743D22417574E7
:1003B0006F6D617469636F22007C3C3E5E2B3D3F34
:1003C0002F5B5D3B2C2A225C005344206E6F6E2015
:1003D00074726F766174613A206C6F6720736F6C12
:1003E0006F2073752073657269616C6500302C49EC
:1003F0004E464F2C424F4F542C617676696F2073D6
:10040000697374656D61202874696D657374616DBD
:10041000702072656C617469766F20616C6C276105
:100420006363656E73696F6E652C206E6F20525426
:1004300043290A00745F6D732C6C6576656C2C74AF
:1004400061672C6D6573736167650A004169786146
:100450006D20636F6E74726F6C6C657220763220E3
:1004600070726F6E746F00436F6E746174746F207E
:1004700065787472612063656E7472616C696E6117
:1004800020617474697661746F204000000021005F
:10049000240027002A002D00300033000101000055
:1004A000040107010A0100002000230026002900A2
:1004B0002C002F0032000001000003010601090199
:1004C00000000A0B02090C0D0E08070304010000CE
:1004D000000000000000000000000000000000001C
:1004E00000000000000000000000000012111000D9
:1004F00000000000000000000000000000000000FC
:100500000000000000000102102020080810204018
:1005100010204080020102010804020101020408C7
:100520001020408080402010080402018004020155
:10053000804020100804020108040201010204089E
:10054000102040800102040810204080000022009A
:10055000250028002B002E0031003400020100008D
:10056000050108010B010505050507050808080830
:10057000020202020A0A080804040404010101013B
:100580000101010103030303030303030407070736
:100590000C0C0C0C0C0C0C0C0202020206060606DB
:1005A000060606060B0B0B0B0B0B0B0BEE279F3EE9
:1005B00011241FBECFEFD1E2DEBFCDBF00E00CBFE4
:1005C00016E0A0E0B2E0E0EAF3E900E00BBF02C011
:1005D00007900D92AE3BB107D9F72EE0AEEBB6E037
:1005E00001C01D92AF3FB207E1F712E0C7EDD2E0C4
:1005F00000E006C021970109802FFE010E94774488
:10060000C63DD10780E00807A9F70E947D2D0C9414
:10061000BE490C940000FC01A089B18982E08C9352
:10062000A485B5851C92A685B7858FEC8C93108E1A
:10063000A489B58986E08C93A289B3898C91806165
:100640008C93A289B3898C9188608C93A289B38999
:100650008C9180688C930288F389E02D80818F7D56
:100660008083089508958150823108F05AC0E82FA0
:10067000F0E08827E15CFC4F8F4F0C9477445F03D8
:100680006303510357035B03910366036C03700319
:1006900076037A037E038403880391038C03920319
:1006A0009603809180008F778093800008958091D9
:1006B00080008F7DF9CF80918000877FF5CF84B552
:1006C0008F7784BD089584B58F7DFBCF8091B00076
:1006D0008F778093B00008958091B0008F7DF9CF1F
:1006E000809190008F778093900008958091900082
:1006F0008F7DF9CF80919000877FF5CF8091A0000A
:100700008F778093A00008958091A0008F7DF9CF0E
:100710008091A000877FF5CF809120018F77809313
:1007200020010895809120018F7DF9CF80912001D3
:10073000877FF5CFCF93DF93282F30E0F901E05486
:10074000FB4F8491F901EA5FFA4FD491F901EA591C
:10075000FA4FC491CC23A1F081110E943303EC2FF6
:10076000F0E0EE0FFF1FEA55FB4FA591B491EC911D
:10077000ED2381E090E009F480E0DF91CF910895CE
:1007800080E090E0FACF1F93CF93DF93282F30E0E3
:10079000F901E054FB4F8491F901EA5FFA4FD491DB
:1007A000F901EA59FA4FC491CC23A9F0162F81110F
:1007B0000E943303EC2FF0E0EE0FFF1FE45BFA4FD3
:1007C000A591B4918FB7F894EC91111108C0D09510
:1007D000DE23DC938FBFDF91CF911F910895DE2B35
:1007E000F8CFCF93DF9390E0FC01EA5FFA4F2491BA
:1007F0008A599A4FFC0184918823C9F090E0880FB0
:10080000991FFC01E457FB4FA591B491FC01E45BF7
:10081000FA4FC591D49161110DC09FB7F8948C9196
:10082000209582238C938881282328839FBFDF9182
:10083000CF910895623051F49FB7F8943C91822F84
:10084000809583238C93E8812E2BEFCF8FB7F8947C
:10085000EC912E2B2C938FBFEACF1F93CF93DF9376
:10086000182FEB0161E00E94F103209739F460E05A
:10087000812FDF91CF911F910C94C303CF3FD105FE
:1008800011F461E0F5CFE12FF0E0E054FB4FE4918B
:10089000E150E23108F0B3C0F0E08827ED5AFB4F99
:1008A0008F4F0C94774465046D0472047C048604B5
:1008B000FF0490049804A004AA04B404BE04CD0468
:1008C000D704FF04E104EB04F50484B5806884BD1B
:1008D000C7BDDF91CF911F91089584B5806284BD1B
:1008E000C8BDF7CF80918000806880938000D0934E
:1008F0008900C0938800EDCF809180008062809352
:100900008000D0938B00C0938A00E3CF8091800059
:10091000886080938000D0938D00C0938C00D9CFE5
:100920008091B00080688093B000C093B300D1CFB5
:100930008091B00080628093B000C093B400C9CFB2
:1009400080919000806880939000D0939900C0932C
:100950009800BFCF80919000806280939000D093E8
:100960009B00C0939A00B5CF8091900088608093DF
:100970009000D0939D00C0939C00ABCF8091A000CD
:1009800080688093A0008091A0008F7B8093A0005E
:10099000D093A900C093A8009CCF8091A000806252
:1009A0008093A000D093AB00C093AA0092CF809117
:1009B000A00088608093A000D093AD00C093AC00ED
:1009C00088CF80912001806880932001D0932901F5
:1009D000C09328017ECF8091200180628093200106
:1009E000D0932B01C0932A0174CF8091200188609D
:1009F00080932001D0932D01C0932C016ACFC03881
:100A0000D1050CF03ECF33CF90917B00977F909330
:100A10007B008653806480937C0080917A008064A0
:100A200080937A0080917A0086FDFCCF80917800D7
:100A30009091790008953FB7F8948091D5079091EF
:100A4000D607A091D707B091D80726B5A89B05C0B7
:100A50002F3F19F00196A11DB11D3FBFBA2FA92F3D
:100A6000982F8827BC01CD01620F711D811D911D3A
:100A700042E0660F771F881F991F4A95D1F70895A6
:100A80008F929F92AF92BF92CF92DF92EF92FF929E
:100A90004B015C010E941B056B017C010E941B0540
:100AA0006C197D098E099F09683E73408105910587
:100AB000A8F321E0821A9108A108B10888EEC80EB7
:100AC00083E0D81EE11CF11C81149104A104B1043F
:100AD00029F7FF90EF90DF90CF90BF90AF909F905D
:100AE0008F9008952FB7F8946091D1077091D20735
:100AF0008091D3079091D4072FBF089581E0809310
:100B0000B30208951092B30208951092B7020895A7
:100B1000E5EBF2E0808191E0892780830895E2E7A8
:100B2000F2E080AD91E0892780AF089581E0809365
:100B3000C60208951092C602089581E08093B6021D
:100B400008951092B602089581E08093B702089547
:100B500081E08093C00208951092C0021092980222
:100B600008951092C00281E080939802089581E078
:100B70008093C10208951092C102109299020895C3
:100B80001092C10281E080939902089581E08093E0
:100B9000C30208951092C3021092C20208951092E7
:100BA000C30281E08093C202089581E08093A6028F
:100BB00008951092A602089582E08093B7020895E6
:100BC0008091A7028F5F833018F48093A702089565
:100BD0001092A702089581E08093B40208951092C4
:100BE000B402089581E08093C50208951092C50271
:100BF0000895CF93DF93C2E7D2E02DEC3CEC4CECB0
:100C00005DE3688579858A859B850E942B4368878B
:100C100079878A879B87DF91CF910895CF93DF9360
:100C2000C2E7D2E02DEC3CEC4CEC5DE368857985C5
:100C30008A859B850E942C43688779878A879B8752
:100C4000DF91CF9108950895089581E08093CB07B7
:100C500008950895DB0114964D915C9115976D915F
:100C60007C91DC01ED91FC910280F381E02D1994DF
:100C7000EF92FF920F931F93CF93DF938C017B0131
:100C8000D0E0C0E0F701EC0FFD1F6491662361F036
:100C9000D801ED91FC910190F081E02DC8011995EA
:100CA000892B11F02196EECFCE01DF91CF911F91CC
:100CB0000F91FF90EF900895AF92BF92CF92DF9285
:100CC000EF92FF920F931F93CF93DF936C017B0101
:100CD0008B01040F151FEB015E01AE18BF08C01792
:100CE000D10759F06991D601ED91FC910190F08105
:100CF000E02DC6011995892B79F7C501DF91CF91B8
:100D00001F910F91FF90EF90DF90CF90BF90AF9029
:100D10000895FC01A089B1898C91A689B78982FDCB
:100D20000FC09C91818D8F5F8F73228D821749F048
:100D3000A18DAE0FBF2FB11D5D969C93818F08953D
:100D40008C910895FC01538D448D252F30E0842F24
:100D500090E0821B930B541710F0CF9608950197E3
:100D60000895FC01918D828D981761F0A28DAE0FD0
:100D7000BF2FB11D5D968C91928D9F5F9F73928F57
:100D800090E008958FEF9FEF08958F929F92AF921A
:100D9000BF92EF92FF920F931F93CF93DF937B014C
:100DA0008C01D0E0C0E00E9472056093DA0A709373
:100DB000DB0A8093DC0A9093DD0A82ED9AE00E94C0
:100DC000B10697FF27C00E9472058090DA0A9090C2
:100DD000DB0AA090DC0AB090DD0A681979098A095B
:100DE0009B098090D60A9090D70AA090D80AB0901C
:100DF000D90A681579058A059B05F8F2CE01DF91BD
:100E0000CF911F910F91FF90EF90BF90AF909F9067
:100E10008F900895F80181938F012196EC16FD06BD
:100E200011F6ECCFCF93DF9300D01F92CDB7DEB792
:100E300019821A821B821C8284E690E0A0E0B0E056
:100E40008093D60A9093D70AA093D80AB093D90A70
:100E500064E070E0CE0101960E94C5068981813070
:100E600051F48A818F3F39F48B818F3F21F481E0E7
:100E70009C819F3F09F080E00F900F900F900F90A2
:100E8000DF91CF910895FC01918D828D981731F0FB
:100E9000828DE80FF11D858D90E008958FEF9FEF13
:100EA0000895FC01918D228D892F90E0805C9F4FE9
:100EB000821B91098F7399270895CF93DF9382ED59
:100EC0009AE00E945107181619060CF067C06AE0F4
:100ED00070E080E090E00E94400582ED9AE00E9480
:100EE000B106C82F853659F782ED9AE00E94510766
:100EF00006972CF3C093D907CAEDD7E082ED9AE0AC
:100F00000E94B106899387E0C03ED807B9F71092D6
:100F1000E0078091DD078F3F91F68091DE078F3FDC
:100F200071F68091DF078F3F51F69091DB0720919A
:100F3000DA07ECE1F2E0A191B191109709F4BFCF8B
:100F40008C912813F8CF11968C9111979813F3CFA9
:100F50004091DC0750E070E060E0413051056105F0
:100F6000710561F41496ED91FC911597309709F491
:100F7000A6CF16968D919C911995A1CF452B462B06
:100F8000472B09F09CCF1896ED91FC91199730975B
:100F900009F495CF1A968D919C91EECFDF91CF9168
:100FA000089585E39AE00E94510721E0892B09F416
:100FB00020E0822F089582ED9AE00E94510721E0FF
:100FC000892B09F420E0822F08958FE69BE00E9490
:100FD000510721E0892B09F420E0822F0895FC01BC
:100FE000A48DA80FB92FB11DA35ABF4F2C91848D8A
:100FF00090E001968F739927848FA689B7892C93E7
:10100000A089B1898C91837080648C93938D848D39
:10101000981306C00288F389E02D80818F7D80833C
:101020000895EF92FF920F931F93CF93DF93EC01FC
:1010300081E0888F9B8D8C8D98131AC0E889F9897F
:10104000808185FF15C09FB7F894EE89FF89608382
:10105000E889F98980818370806480839FBF81E003
:1010600090E0DF91CF911F910F91FF90EF90089545
:10107000F62E0B8D10E00F5F1F4F0F731127E02E20
:101080008C8D8E110CC00FB607FCFACFE889F98958
:10109000808185FFF5CFCE010E94EF07F1CFEB8D68
:1010A000EC0FFD2FF11DE35AFF4FF0829FB7F8942C
:1010B0000B8FEA89FB8980818062CFCF6FEF82ED51
:1010C0009AE00C941108CF93DF93EC01888D88236C
:1010D000B9F0AA89BB89E889F9898C9185FD03C09B
:1010E000808186FD0DC00FB607FCF7CF8C9185FF80
:1010F000F2CF808185FFEDCFCE010E94EF07E9CFCF
:10110000DF91CF91089580E090E0892B29F00E9433
:10111000E50781110E94000080E090E0892B49F0F2
:1011200080E090E0892B29F00E94000081110E944C
:10113000000080E090E0892B29F00E94DB078111FC
:101140000E94000080E090E0892B29F00E94D107E6
:1011500081110C94000008958FB7F89480915F0777
:101160008FBF089561E0FC0184810E94C3038091D8
:101170005E07811110925E0708958EBD00000DB4C8
:1011800007FEFDCF8EB508958FEF0C94BD080F9329
:101190001F93CF93DF93EC010E9472058B010E9495
:1011A000C4088F3F69F00E947205601B710B6C17B9
:1011B0007D07A8F380E0DF91CF911F910F910895F3
:1011C00081E0F9CF8CBD9DBD0895CF93DF93EC01F5
:1011D00080915E07811109C081E080935E07809154
:1011E0000C0C90910D0C0E94E20860E08C81DF9164
:1011F000CF910C94C3038F929F92AF92BF92FF92B4
:101200000F931F93CF93DF93EC01F62E49015A0100
:101210008E81882389F08F8198859C012F5F3F4FB5
:1012200038872F838230924018F40E94C408F3CF8D
:10123000CE010E94B2081E82CE010E94E5088CE217
:1012400091E00E94C7088F2D80640E94BD0808E1CC
:1012500010E0D501C401002E04C0B695A79597955E
:1012600087950A94D2F70E94BD0808501109083FDB
:101270008FEF180771F785E9FF2021F028E087E854
:10128000F2128FEF0E94BD0810E00E94C4088A8706
:1012900087FF04C01F3F11F01F5FF7CFDF91CF9191
:1012A0001F910F91FF90BF90AF909F908F900895E6
:1012B000AF92BF92CF92DF92EF92FF920F931F9364
:1012C000CF93DF93EC016901C801820F931F813036
:1012D000924050F58E81882379F088819981AA8186
:1012E000BB8184179507A607B70731F48F819885CE
:1012F000C816D90608F042C0488359836A837B83A5
:101300008B85833039F089E0440F551F661F771FA6
:101310008A95D1F79A01AB0161E1CE010E94FB08E9
:10132000882389F083E08D83CE010E94B20880E09B
:10133000DF91CF911F910F91FF90EF90DF90CF90B1
:10134000BF90AF9008950E9472055B010E94C4088F
:101350008A878F3F69F40E9472056A197B096D3292
:101360007140A0F38FE08D83CE010E94B208DCCFE4
:101370008E3F89F418861F8281E08E838F81988545
:101380008C159D0550F40E94C4088F8198850196A4
:1013900098878F83F3CF8DE0E6CF6701E00EF11ED3
:1013A0000E94C408F60181936F01EE15FF05C1F795
:1013B0008F819885080F191F18870F8389858823C7
:1013C00019F001151240A0F08E81882389F08F81D9
:1013D00098859C012F5F3F4F38872F838230924042
:1013E00018F40E94C408F3CFCE010E94B2081E82F6
:1013F00081E09ECFCF92DF92EF92FF920F93CF9337
:10140000DF93EC01690182E1411551056105710528
:1014100099F08B85833039F089E0440F551F661FA2
:10142000771F8A95D1F79A01AB0168E1CE010E943E
:10143000FB08882319F084E08D832DC08EEF0E9475
:10144000BD0876018EEFD81AF70181917F010E94C5
:10145000BD08EC14FD04C1F78FEF0E94BD088FEFAB
:101460000E94BD080E94C4088A878F71853071F47C
:10147000011116C0CE010E94B20881E0DF91CF9128
:101480000F91FF90EF90DF90CF90089581E18D83D1
:10149000CE010E94B208CE010E94B20880E0EECFD9
:1014A00088E592E00E94C708811102C085E1C4CF9F
:1014B00020E030E0A9016DE0CE010E94FB08882306
:1014C00011F084E1B9CF0E94C4088111FACFD2CFC4
:1014D0000F9340916107509162076091630770918B
:1014E0006407411551056105710599F0082F23EE38
:1014F00037E08091E3099091E4090E94FA0988237A
:1015000049F01092610710926207109263071092DF
:10151000640781E00F9108950F93CF93C82F8091B6
:101520006007811105C0C1E08C2FCF910F91089504
:1015300040910002509101026091020270910302F9
:101540000C2F23EE37E08091E3099091E4090E948B
:10155000FA09811102C0C0E0E7CFCC2321F381E07A
:101560000E94680A8823B9F310926007DDCF8F923A
:101570009F92AF92BF92EF92FF920F931F93CF93E0
:101580004B015C01C42F8091000290910102A09157
:101590000202B091030288159905AA05BB0551F115
:1015A00081E00E948C0A81110BC080E0CF911F91D5
:1015B0000F91FF90EF90BF90AF909F908F90089504
:1015C00083EEE82E87E0F82E00E012E030E020E025
:1015D000B501A4018091E3099091E4090E945809A2
:1015E000882319F38092000290920102A0920202D5
:1015F000B0920302409160074C2B4093600781E05A
:10160000D5CF8F929F92AF92BF92CF92DF92EF92FF
:10161000FF92CF932EE03CE03093E4092093E3095E
:10162000882309F46DC040E060E070E0CB010E94C7
:10163000B70A81110BC080E0CF91FF90EF90DF904F
:10164000CF90BF90AF909F908F9008958091A10907
:101650008F7789F78091AD099091AE09A091AF097C
:10166000B091B00984369105A105B10520F3C09071
:10167000A909D090AA09E090AB09F090AC09C11477
:10168000D104E104F104B9F240E0C701B6010E94BF
:10169000B70A882381F28091EE079091EF078115B8
:1016A000924049F6A091F307AA2329F26091F1072D
:1016B0007091F2076115710509F4BDCF2091F00713
:1016C000222309F4B8CFA0932C0C20931E0C90E099
:1016D00080E030E0E1E0F0E0C82FAF01082E02C06A
:1016E000440F551F0A94E2F72417350769F041E0CB
:1016F000480F01968930910579F74093270C9BCFCD
:10170000C12CD12C7601C0CF8093270C2091F907F2
:101710003091FA0750E040E02115310541F4209165
:101720000708309108084091090850910A08209351
:101730001F0C3093200C4093210C5093220C460137
:101740005701860E971EA11CB11C80922D0C909201
:101750002E0CA0922F0CB092300CE091F407F09177
:10176000F507F093330CE093320CB0E00E94EF42A7
:10177000DC01CB01880D991DAA1DBB1D8093340C83
:101780009093350CA093360CB093370C25E0EE0FF8
:10179000FF1F2A95E1F7E150FE4FEF2FFF27E69557
:1017A0008E0F9F1FA11DB11D8093280C9093290CB3
:1017B000A0932A0CB0932B0C8090F6079090F7071B
:1017C000B12CA12C8114910441F4809003089090D5
:1017D0000408A0900508B0900608C81AD90AEA0AB9
:1017E000FB0AC80CD91CEA1CFB1C04C0F694E79445
:1017F000D794C794CA95D2F7C092230CD092240CE8
:10180000E092250CF092260C85EFC8168FE0D806E2
:10181000E104F10428F48CE08093310C81E00CCFDA
:1018200080E125EFC2162FEFD206E104F104A0F308
:1018300080910F0890911008A0911108B0911208A2
:101840008093340C9093350CA093360CB093370CE6
:1018500080E2E2CF4F925F926F927F928F929F923F
:10186000AF92BF92CF92DF92EF92FF920F931F93AE
:10187000CF93DF93EC01423051056105710590F47F
:1018800080E0DF91CF911F910F91FF90EF90DF905B
:10189000CF90BF90AF909F908F907F906F905F9010
:1018A0004F90089589859A85AB85BC850196A11DC9
:1018B000B11D84179507A607B70710F3CB88DC88FE
:1018C000ED88FE888F89803109F042C0BB27A72FA1
:1018D000962F852F480159012A013B01C80ED91EB8
:1018E000EA1EFB1E8091000290910102A09102026B
:1018F000B0910302C816D906EA06FB0699F58F894E
:101900008031C1F5B301A201552766277727440F1F
:10191000551F4D51584FFA01918280828091600786
:101920008160809360078A89823080F08D819E81FA
:10193000AF81B8858C0D9D1DAE1DBF1D80936107C5
:1019400090936207A0936307B093640781E099CFF7
:10195000DB01CA01E7E0B695A79597958795EA95CB
:10196000D1F7B8CF40E0C701B6010E94B70A811194
:10197000C6CF86CFB301A2014F77552766277727B9
:10198000440F551F440F551F4D51584FFA01808287
:101990009182A282B382C2CF8F929F92AF92BF9266
:1019A000CF92DF92EF92FF920F931F93CF93DF932B
:1019B000FC0181859285A385B4850196A11DB11D89
:1019C00084179507A607B70770F480E0DF91CF91E1
:1019D0001F910F91FF90EF90DF90CF90BF90AF904D
:1019E0009F908F90089583889488A588B68887896A
:1019F000803189F5BB27A72F962F852FE9016A0132
:101A00007B018F01BC01CD01680D791D8A1D9B1DD5
:101A10008090000290900102A0900202B090030218
:101A200086169706A806B90601F5F8018789803160
:101A300011F5DD24EE24FF24F601EE0FFF1FED511A
:101A4000F84F80819181B0E0A0E088839983AA83D8
:101A5000BB8381E0BBCFDB01CA01C7E0B695A79588
:101A600097958795CA95D1F7C9CF40E00E94B70AEC
:101A70008111DBCFAACFE894C7F8DD24EE24FF2440
:101A8000F601EE0FFF1FEE0FFF1FED51F84F8081A3
:101A90009181A281B381BF70D8CF4F925F926F9234
:101AA0007F92AF92BF92CF92DF92EF92FF920F930D
:101AB0001F93CF93DF9300D01F92CDB7DEB78C0179
:101AC00049835A836B837C835901C12CD12C7601C5
:101AD000412C82E0582E612C712C49815A816B81F6
:101AE0007C819E012F5F3F4FC8010E94CC0C882350
:101AF00039F1F8018585A301920104C0220F331F3B
:101B0000441F551F8A95D2F7DA01C901C80ED91EA4
:101B1000EA1EFB1E49815A816B817C818789803155
:101B200011F188EF9FEFAFEFBFE0481759076A0741
:101B30007B0798F2F501C082D182E282F38281E0D4
:101B40000F900F900F900F90DF91CF911F910F91F9
:101B5000FF90EF90DF90CF90BF90AF907F906F900D
:101B60005F904F90089588EF9FEFA0E0B0E0DDCF49
:101B7000CF93DF93FC012581222321F080E0DF91C8
:101B8000CF910895EC018091310C803159F582E0BC
:101B90008583178A108E118E128E8091320C90914F
:101BA000330CB0E0A0E025E0880F991FAA1FBB1FEF
:101BB0002A95D1F7838B948BA58BB68B8AE19CE019
:101BC0009C8F8B8F81E08C831E821F8218861986E2
:101BD0001A861B861C861D861E861F86188A198AF1
:101BE0001A8ACDCF803251F683E085834091340C40
:101BF0005091350C6091360C7091370C478B508F9B
:101C0000618F728F9F012D5E3F4F8AE19CE00E94A1
:101C10004D0D8111D3CFB2CF8F929F92AF92BF92D1
:101C2000CF92DF92EF92FF920F931F93CF93DF93A8
:101C3000EC018D8181110EC080E0DF91CF911F9169
:101C40000F91FF90EF90DF90CF90BF90AF909F905B
:101C50008F9008950B891C892D893E8904171507DB
:101C60002607370748F34A015B01823031F48A8640
:101C70009B86AC86BD8681E0E0CF81149104A104EF
:101C8000B10449F41E821F82188619861A861B86A3
:101C90001C861D86F0CF0A851B852C853D85EB8D26
:101CA000FC8D858590E00996B901A8014150510944
:101CB00061097109082E04C0769567955795479577
:101CC0000A94D2F775016401E1E0CE1AD108E10867
:101CD000F10804C0F694E794D794C7948A95D2F794
:101CE000C416D506E606F70620F0012B022B032BBF
:101CF00011F58F89988DA98DBA8D8E839F83A887C2
:101D0000B9878E010A5F1F4FC114D104E104F104A9
:101D100009F4ADCF4E815F816885798598018B8DFF
:101D20009C8D0E94CC0C91E0C91AD108E108F10801
:101D30008111EACF81CFC41AD50AE60AF70AE1CFAA
:101D40003F924F925F926F927F928F929F92AF924B
:101D5000BF92CF92DF92EF92FF920F931F93CF9398
:101D6000DF93CDB7DEB72C970FB6F894DEBF0FBE6A
:101D7000CDBF5C01DC015B968D909C905C971696C4
:101D80004D905D906D907C901997411451046104C1
:101D9000710409F468C0BFEF4B1A5B0A6B0A7B0A37
:101DA000312CF40181859285A385B4859C01AD0118
:101DB0002F5F3F4F4F4F5F4F29873A874B875C8795
:101DC000730162011D821E821F821886F4018185C3
:101DD0009285A385B4852D813E814F815885281732
:101DE00039074A075B0708F056C089859A85AB8595
:101DF000BC858C159D05AE05BF0550F482E0C82E4C
:101E0000D12CE12CF12C92E0492E512C612C712C1B
:101E10009E012F5F3F4FB701A601C4010E94CC0C69
:101E20008823C9F189819A81AB81BC81892B8A2B56
:101E30008B2B09F1260137019FEF491A590A690ACC
:101E4000790A2D813E814F8158852F5F3F4F4F4F3B
:101E50005F4F2D833E834F8358873FEFC31AD30ACA
:101E6000E30AF30AB3CFF4014080518062807380AB
:101E70003324339496CFC414D504E604F70409F749
:101E80000FEF1FEF2FEF3FE0B701A601C4010E9443
:101E90002A0C811119C080E02C960FB6F894DEBF91
:101EA0000FBECDBFDF91CF911F910F91FF90EF90AB
:101EB000DF90CF90BF90AF909F908F907F906F906A
:101EC0005F904F903F900895D50116964D915D918A
:101ED0006D917C911997411551056105710539F096
:101EE00097018601C4010E942A0C8823A1F2D50122
:101EF0001696CD92DD92ED92FC921997332051F017
:101F0000D701C6010196A11DB11DF4018083918303
:101F1000A283B383F5018789908DA18DB28D892B22
:101F20008A2B8B2B39F48481C78AD08EE18EF28E76
:101F300080688483F50184818062848381E0ACCFF2
:101F40001F93CF93DF93FC0125812223D1F1162F1C
:101F5000EC01848187FF2AC0668577858089918915
:101F600041E00E94B70A882361F1EA8980E2E89F94
:101F7000F0011124ED51F84F309719F18D81823025
:101F800040F48B899C89AD89BE89848F958FA68FFB
:101F9000B78F8F89988D938F828F8F89988DA98D18
:101FA000BA8DB58BA48B8C818F778C83111103C074
:101FB0008C818F7E8C83812FDF91CF911F910C9428
:101FC0008C0A80E0DF91CF911F910895FF920F93CB
:101FD0001F93CF93DF93EC018D81813041F090E02E
:101FE00080E0DF91CF911F910F91FF9008958C8138
:101FF00081FFF5CF82FD1BC00091E3091091E40938
:10200000C8010E94E5080E94C408F82EC8010E9479
:10201000B2088FEFF812E3CF8C8185FF1BC060E020
:10202000CE010E94A00F8C818F7D8C83D8CF4B89ED
:102030005C896D897E898A859B85AC85BD85841781
:102040009507A607B707C1F2CE010E940C0E8111B9
:10205000D3CFC5CF4091610750916207609163076C
:1020600070916407452B462B472B21F080E00E949E
:10207000680AB5CF80618C832A853B85317080E00A
:1020800092E0821B930BADCFCF93DF93EC0161E025
:102090000E94A00F882311F01D8281E0DF91CF9173
:1020A00008952F923F924F925F926F927F928F92FC
:1020B0009F92AF92BF92CF92DF92EF92FF920F93D7
:1020C0001F93CF93DF9300D01F921F92CDB7DEB73F
:1020D0007C015B01342E5D83DC0115968C91159794
:1020E000813009F0CEC014962C9021FECAC022FC8B
:1020F000B4C0C32CDD8022947FE027222094B22D2F
:10210000B1702B2ED7011A964D915D916D917C91F6
:102110001D97C114D10409F428C15B968D919C913F
:102120005C97FC0174807A948A019B0169E0369582
:102130002795179507956A95D1F770228A01117036
:10214000711020C001151105E9F416964D915D91AD
:102150006D917C911997411551056105710509F043
:1021600099C057968D919D910D90BC91A02D00978F
:10217000A105B10509F0B0C0C7010E94A00E8823D7
:1021800009F47FC080E092E0801B910B46018C1522
:102190009D0508F44C01D7015B964D915C915C97CD
:1021A00016968D919D910D90BC91A02D0297A1093D
:1021B000B109FA01258504C0880F991FAA1FBB1F0A
:1021C0002A95D2F74685578560897189840F951FB6
:1021D000A61FB71F9C01AD01270D311D411D511DCB
:1021E00029013A01811432E0930609F07BC0809105
:1021F000000290910102A0910202B09103028415A5
:102200009505A605B70559F48FEF9FEFDC01809384
:10221000000290930102A0930202B0930302022DE8
:102220009501B301A2018091E3099091E4090E9414
:10223000FA09882331F19EEFB91AC818D908F701B5
:1022400082859385A485B585880D991DA11DB11D35
:1022500082879387A487B58755CFF701438954892F
:102260006589768982859385A485B5854817590740
:102270006A077B0709F43DCFC7010E940C0E81114C
:1022800038CF81E090E0D70113969C938E931297FC
:1022900080E007C09E012F5F3F4F0E94CC0C811150
:1022A00002C090E079C089819A81AB81BC81F7013D
:1022B000238D348DF901278948EF5FEF60E070E0EE
:1022C000203121F048EF5FEF6FEF7FE08417950733
:1022D000A607B70708F050CFF70186839783A0873A
:1022E000B18750CF0115110599F5D7011A964D9177
:1022F0005D916D917C911D9753968D919D910D905F
:10230000BC91A02D481759076A077B0708F181E0A7
:102310000E948C0A882309F4B4CF409200025092A4
:102320000102609202027092030280916007816054
:1023300080936007C8018D51984FD5019C01280DED
:10234000391DFC012E173F0759F04D914193FACFEB
:1023500041E0C301B2010E94B70A8111EBCF91CFD6
:10236000281B390BA20EB31E68CFF701838994890D
:10237000A589B68984179507A607B70738F484811D
:10238000438B548B658B768B80688483F7018481C3
:1023900083FD1AC0832D9D810F900F900F900F9099
:1023A0000F90DF91CF911F910F91FF90EF90DF90F1
:1023B000CF90BF90AF909F908F907F906F905F90E5
:1023C0004F903F902F90089561E0C7010E94A00FA9
:1023D000882309F456CFDECFCF93DF931F92CDB77A
:1023E000DEB7698341E050E0BE016F5F7F4F0E941E
:1023F00051100F90DF91CF910895FC01DB011296EF
:102400008D919C911397938382838CE293E09183C7
:10241000808314968C911497848315968C911597CC
:10242000858316964D915D916D917C9119974683A8
:102430005783608771871A964D915D916D917C915C
:102440001D9742875387648775871E964D915D91CE
:102450006D917C91519746875787608B718B52960F
:102460008C915297828B53964D915D916D917C9199
:102470005697438B548B658B768B57964D915D9118
:102480006D917C915A97478B508F618F728F5B96BD
:102490008D919C91948F838F0895FC01818D928DF5
:1024A000009719F061E00C94A00F0895DC01599693
:1024B000ED91FC913097B9F083899489A589B6890B
:1024C0004285538564857585841B950BA60BB70BD8
:1024D000811520E89207A105B10538F08FEF9FE73D
:1024E000A0E0B0E0089590E080E00895DC01599606
:1024F0008D919C91009739F0DC01ED91FC91048065
:10250000F581E02D199490E080E00895CF93DF935A
:10251000EC01E98DFA8D309749F481E090E09B83DE
:102520008A8390E080E0DF91CF9108951382128238
:10253000898D9A8D0E945110E98DFA8D2281338107
:10254000232B59F7F0CFCF93DF931F92CDB7DEB790
:102550006983DC01ED91FC910280F381E02D41E083
:1025600050E0BE016F5F7F4F19950F90DF91CF91C3
:1025700008952F923F924F925F926F927F928F9227
:102580009F92AF92BF92CF92DF92EF92FF920F9302
:102590001F93CF93DF9300D0CDB7DEB7FC018581C9
:1025A000811118C08FEF9FEF0F900F900F90DF9168
:1025B000CF911F910F91FF90EF90DF90CF90BF9040
:1025C000AF909F908F907F906F905F904F903F90D3
:1025D0002F900895848180FFE5CF438954896589D0
:1025E000768982859385A485B585312C212C481761
:1025F00059076A077B0719F022242394312C6F01B5
:102600002101CE0101963C01DF011696BB83AA830E
:102610004114510409F4C5C0F6014285538564850F
:1026200075854A01F1E09F22D6015B968D919C91C0
:102630005C978A019B01E9E03695279517950795E8
:10264000EA95D1F71596EC91E230E9F5FC01628D3F
:10265000738D848D958D600F711F821F931FA12C28
:1026600022E0B22EA818B9084A145B0408F45201FB
:10267000F601248126FD04C0A114F2E0BF0671F426
:102680000091000210910102209102023091030298
:10269000061717072807390709F05EC040E00E94B7
:1026A000B70A882309F47ECFC4018D51984FD30116
:1026B0009C012A0D3B1DFC012E173F0709F46CC03D
:1026C00041914D93F9CFDC011496BC90BA94B0229D
:1026D0008114910479F4B1100DC0452B462B472B82
:1026E00069F5F6018789908DA18DB28D86839783D8
:1026F000A087B187D6015B96ED91FC915C97169609
:102700006D917D918D919C9119976250710981090C
:102710009109258504C0660F771F881F991F2A9588
:10272000D2F70685178520893189600F711F821FB6
:10273000931F6B0D711D811D911D91CFD6011696B2
:102740004D915D916D917C9119972A813B810E94F9
:10275000CC0C8111CFCF26CF730185019401AB0141
:10276000BC018091E3099091E4090E9458098823F3
:1027700009F418CF6A0C7B1CF60182859385A48529
:10278000B5858A0D9B1DA11DB11D82879387A487E6
:10279000B5874A185B083CCF281B390B620E731EA5
:1027A000EBCF2A94232809F0FDCE898190E0FCCE5E
:1027B000FC01818D928D009711F00C94B9128FEF6E
:1027C0009FEF08950F931F93CF93DF93EC01898DB3
:1027D0009A8D10E000E0009799F00E94B9128C01E8
:1027E0000F3F100769F0898D9A8DFC014285538552
:1027F0006485758541505109610971090E940C0E6B
:10280000C801DF91CF911F910F9108950895CF9343
:10281000DF93EC0160E08E810E94F10361E08E8124
:102820000E94C30319861A861B861C86DF91CF91EE
:102830000895FF920F931F93CF93DF93EC01FF2432
:10284000F394F60E28852F1581F109851A852150FC
:1028500041F16F3FE1F430E050E040E06FEF7FEF97
:1028600080E090E00E94D042B901F8014C815D8186
:10287000CF01801B910B84179507B0F44081469FD0
:10288000C001479F900D112490833196EFCF8F2D7B
:1028900090E0982F88270197622F70E00E944F44A4
:1028A000E4CF70E060E0E1CFF886DF91CF911F9137
:1028B0000F91FF9008950F931F93DC0112968D9155
:1028C0009C91139768177907C0F518968C91189703
:1028D000882361F0489FA0011124452F829F900119
:1028E0001124232F809F80011124012F1E968C918B
:1028F0001E971996ED91FC911A971B969C911B9728
:1029000089131EC0CB01880F991F680F791F6E0FA6
:102910007F1F1B96EC911B97E60FF72FF11D40834D
:102920001C96EC911C97E60FF72FF11D20831D9646
:102930008C91680F711DFB0100831F910F91089509
:10294000660F771F660F771F6E0F7F1FFB01E80F63
:10295000F11D1082DECFCF92DF92EF92FF920F93A4
:102960001F93CF93DF9300D000D000D0CDB7DEB758
:102970008C01DC0119968D919C91892B09F473C00F
:102980000E941B05F801C784D088E188F2886C1585
:102990007D058E059F0520F46787708B818B928B58
:1029A000F801C784D088E188F2886C197D098E0906
:1029B0009F096C3271408105910510F3F894D8019C
:1029C00014968D919C9115979A8389831996ED9110
:1029D000FC917F01BFEFEB1AFB0A80818987F80128
:1029E00090810388F489E02DD80155968C91992324
:1029F00009F448C09081982B98879081809589230D
:102A00008F838F818C8388E08B8358856F81498584
:102A10003B812C8189819A81D701508347FD252FE5
:102A20003A952083262F39F0441F00C000006083B0
:102A3000000000C0F2CF38E04D91608300000197A4
:102A400061F7D8015496FC93EE93539749873B83E3
:102A50002C839A83898378940E941B05F8016787E9
:102A6000708B818B928B29960FB6F894DEBF0FBEC8
:102A7000CDBFDF91CF911F910F91FF90EF90DF902D
:102A8000CF9008959081982B988790818095892385
:102A90008F838F818E8388E08D8358856F814985F0
:102AA0003D812E8189819A81D701508347FD252F51
:102AB00000C000C0208300C000C000C000C000C033
:102AC00060830000262F3A9541F0441F000000C0AB
:102AD00000C000C000C000C0E8CF38E04D9100C089
:102AE000608300C0019709F7D8015496FC93EE93D8
:102AF000539749873D832E83ACCFCF93DF93EC016F
:102B00008E819F8197FD0CC061E00E94F10360E01F
:102B10008E810E94C30381E08983DF91CF91089564
:102B2000198280E0FACF20913B07260F3327331F0D
:102B300021323105ECF420910B0AFC0190E080E099
:102B4000243069F082E00895A0913B072191AC0107
:102B5000455E584FA40FB52FB11D2C9301968617D3
:102B600098F380913B07680F60933B0780E00895DE
:102B700081E0089510920B0A81E080930A0A109276
:102B8000E50961E084E10E94C30361E085E10E9400
:102B9000C303E9EBF0E080818E7F808380818D7FAD
:102BA000808388E48093B80085E48093BC00089516
:102BB000CF93DF9391E090931A078823B9F0C091E7
:102BC000B800D091BA008091BC008A7B8093BC0091
:102BD00060E084E10E94C30360E085E10E94C303DA
:102BE0000E94BA15D093BA00C093B800DF91CF917C
:102BF00008958F929F92AF92BF92CF92DF92EF9201
:102C0000FF920F931F93CF93DF93D091340AD13269
:102C100008F0D7C0182FC091330A0E941B056B0122
:102C20007C0180910B0A81116BC082E080930B0ABA
:102C300010930A0A8FEF8093090A1092080AD09322
:102C4000070AA3E1BAE0E7EEF9E080E0D81391C00B
:102C50001092E6098091E609CC0FC82BC093E609D3
:102C60008091E509813009F088C01092E5090E9441
:102C70001B056B017C018091E6098093BB0080916C
:102C80000D0A90910E0AA0910F0AB091100A892B9B
:102C90008A2B8B2BA1F00E941B0500910D0A10912D
:102CA0000E0A20910F0A3091100A6C197D098E09C5
:102CB0009F09061717072807390708F442C08091B3
:102CC000BC0083FDD8CF85EC8093BC000E941B051F
:102CD0006B017C0180910B0A823009F450C0809115
:102CE000090A8F3F09F46FC08091090A803209F404
:102CF0006CC08091090A803309F469C084E026C061
:102D000080910D0A90910E0AA0910F0AB091100ABD
:102D1000892B8A2B8B2B09F484CF0E941B05809072
:102D20000D0A90900E0AA0900F0AB090100A6C192C
:102D30007D098E099F0986169706A806B90608F030
:102D400070CF80910C0A0E94D81585E01092120A6B
:102D50001092340A1092110ADF91CF911F910F91B6
:102D6000FF90EF90DF90CF90BF90AF909F908F90AB
:102D700008959D9191938F5F69CF85EEA5CF809146
:102D80000D0A90910E0AA0910F0AB091100A892B9A
:102D90008A2B8B2B09F49ECF0E941B0500910D0AF4
:102DA00010910E0A20910F0A3091100A6C197D09BA
:102DB0008E099F09061717072807390708F08ACFD9
:102DC000C0CF81E0C3CF80E0C1CF82E0BFCF83E03E
:102DD000BDCFE0916D0780916C07E81730F4F0E00B
:102DE000E650F94F808190E008958FEF9FEF0895AE
:102DF00090916D0780916C072FEF3FEF981748F483
:102E0000E92FF0E0E650F94F208130E09F5F90938A
:102E10006D07C901089580916C0790916D07891B1A
:102E2000990B0895CF92DF92EF92FF920F931F9329
:102E3000CF93DF937C01CB018A012091110A2223D9
:102E400089F0EB016B01C40ED51ECC15DD0569F0D0
:102E50006991D701ED91FC910190F081E02DC701BE
:102E60001995F3CF642F0E949315C801DF91CF917C
:102E70001F910F91FF90EF90DF90CF900895CF9327
:102E8000DF931F92CDB7DEB769832091110A222309
:102E9000F9F02091340A203258F021E030E0FC01B2
:102EA0003383228390E080E00F90DF91CF910895EB
:102EB0008091120AE82FF0E0ED5EF54F9981908342
:102EC0008F5F8093120A8093340A81E090E0ECCF08
:102ED00061E0CE0101960E949315F7CFFC01248199
:102EE00031E03093110A2093330A1092120A1092A3
:102EF000340A8385682B87E59CE00E943F1781E0B8
:102F00000C94F91590E080E00895811112C08FE2D1
:102F100061E00E94C3030E94720560937207709380
:102F20007307809374079093750781E08093760709
:102F300008958EE2EDCF0E945E080E945E080C9418
:102F40005E08CF93C62F91E09093110A90E590937D
:102F5000330A1092120A1092340A682F87E59CE017
:102F60000E943F176C2F87E59CE00E943F1781E08D
:102F70000E94F91565E070E080E090E0CF910C943C
:102F8000400580918502811104C080917C0718164C
:102F90001CF48FEF80937C070895CF938091850276
:102FA000882321F080917C0787FF0FC0C1E0C09388
:102FB00085020E9472056093860270938702809357
:102FC000880290938902C0937C07CF910895CF9394
:102FD00082E10E949A03C82F83E10E949A03209104
:102FE000BF06CC0F94E0299F90011124822BC82B9F
:102FF000CF70C093BF06E091BF068091BE06F0E09F
:10300000E451FD4F9081890F8093BE068091BE06EA
:1030100084304CF0809185078F5F809385071092F4
:10302000BE06CF9108958091BE068D3FD4F7809162
:1030300085078150F2CF0F93CF93DF93D0E0C0E0AC
:103040008091A8020091BC022091BB024091BA027B
:10305000811103C000E020E040E0BE018FED9EE062
:103060000E945B142196C830D10551F76FEF8FEDA8
:103070009EE00E9419148FED9EE0DF91CF910F9199
:103080000C94AB1481E08093A8020C941B1810924E
:10309000A8020C941B188091A9028F5F66E00E9421
:1030A00043449093A902933031F160F49130A1F040
:1030B0009230D9F08FEF8093BA028093BB02809355
:1030C000BC0211C09430E9F09530A1F71092BA0219
:1030D0008BEF8093BB0213C08FEF8093BA021092E4
:1030E000BB021092BC020C941B181092BA028FEF14
:1030F0008093BB02F6CF1092BA021092BB028FEF00
:10310000DECF82EC8093BA021092BB028CEFD7CF55
:10311000CF92DF92FF920F931F93CF93DF93EC0137
:1031200061E08E810E94C3036AEF70E080E090E06E
:103130000E9440050E94720509851A852B853C85F1
:10314000601771078207930720F419861A861B8679
:103150001C862D85211119C009851A852B853C8572
:10316000601B710B820B930B603D774081059105CD
:1031700060F48F818B3009F472C020F08551823069
:1031800008F477C089E19CEF6CC01D860E9472052F
:1031900069877A878B879C871C821B821A82198297
:1031A000188261E08E810E94F10360E08E810E94AE
:1031B000C30364E170E080E090E00E944005F89471
:1031C00061E08E810E94C3038BE990E00197F1F7E3
:1031D00060E08E810E94F103F12C81E010E000E0BC
:1031E000C82ED12C8E810E949A038C159D0519F44E
:1031F0000F5F0F3FB9F78E810E949A030F3FB9F01E
:10320000143090F010FD10C0EF2DE695E695E69590
:10321000EC0FFD2FF11D9081990F908328852017C9
:1032200010F491609083F3941F5F1535C1F6789484
:1032300087E28F1508F0A6CF4C8128818981280F5D
:103240003327331F8A81280F311D8B81820F932FE3
:10325000911D99274817190609F094CF8ACF8A81C2
:1032600090E0DF91CF911F910F91FF90DF90CF9071
:1032700008953A81832F8F7790E0982F88272B81AC
:10328000820F911D6AE070E00E946344CB0137FF1A
:10329000E8CF919581959109E4CFCF92DF92EF929B
:1032A000FF921F93CF93DF93EC0180E2689FF001C0
:1032B0001124ED51F84F9385917161F0842F827440
:1032C00049F080E0DF91CF911F91FF90EF90DF9068
:1032D000CF900895142F6A8B809100029091010283
:1032E000A0910202B09103028E879F87A88BB98BB1
:1032F000C488D588F12CE12C7601DD24CC24CF8A3A
:10330000D88EE98EFA8E828D938DB0E0A0E0AC016C
:10331000BD014C295D296E297F294F8B588F698FFC
:103320007A8F83858871B1F4848D958DA68DB78D44
:103330008B8B9C8BAD8BBE8B81E08D831F701C8330
:103340001E821F82188619861A861B861C861D8679
:1033500081E0B8CF803109F0B4CF9E012D5E3F4FA0
:103360008B8D9C8D0E944D0D882309F4AACF84E09B
:10337000E4CF0F931F93CF938C01C62F0E946E173B
:103380006C2F6460C8010E946E176C2F6B7FC801A0
:103390000E946E1783EC90E00197F1F7CF911F9197
:1033A0000F9108950F931F93CF93DF938C01D62F26
:1033B000C42F607F642B0E94B91980E1D89FB001AF
:1033C00011246C2BC801DF91CF911F910F910C94A8
:1033D000B91940E061E083E99EE00E94D2198BE3D5
:1033E0009FE10197F1F708951092B9020E94E9193F
:1033F00010929E0E60E083E99EE00C946E17CF93CE
:10340000DF9300D000D01F921F92CDB7DEB798E0B7
:10341000E0EDF2E0DE01119601900D929A95E1F750
:1034200090919B0E961708F46FEF262F30E0220F35
:10343000331F41E050E04C0F5D1F240F351FF90191
:103440006081680F606840E083E99EE028960FB6CF
:10345000F894DEBF0FBECDBFDF91CF910C94D2198F
:1034600041E00E94D21981E090E00895CF92DF926E
:10347000EF92FF920F931F9391E09093110A90E5C2
:103480009093330A1092120A1092340A682F87E53B
:103490009CE00E943F1781E00E94F91565E070E012
:1034A00080E090E00E9440050E941B056B017C01BA
:1034B00080910B0A811163C081E080930B0A809395
:1034C0000A0A9FEF9093090A1092080A1092070ABD
:1034D0008093E6098091E609806A8093E6098091ED
:1034E000E509813009F082C01092E5090E941B05B0
:1034F0006B017C018091E6098093BB0080910D0AED
:1035000090910E0AA0910F0AB091100A892B8A2B74
:103510008B2BA1F00E941B0500910D0A10910E0A41
:1035200020910F0A3091100A6C197D098E099F09AC
:10353000061717072807390708F442C08091BC0016
:1035400083FDD8CF85EC8093BC000E941B056B01E6
:103550007C0180910B0A813009F44AC08091080AED
:10356000811168C08091080AE7EEF9E0AAEFB6E0A1
:1035700090E0981751F121912D939F5FFACF8091A0
:103580000D0A90910E0AA0910F0AB091100A892B92
:103590008A2B8B2B09F48CCF0E941B0500910D0AFE
:1035A00010910E0A20910F0A3091100A6C197D09B2
:1035B0008E099F09061717072807390708F078CFE3
:1035C00080910C0A0E94D81580E010926D078093BC
:1035D0006C07882389F187E59CE00E94F8161F910B
:1035E0000F91FF90EF90DF90CF90089585EEABCFD5
:1035F00080910D0A90910E0AA0910F0AB091100AC5
:10360000892B8A2B8B2B09F4A4CF0E941B050091D8
:103610000D0A10910E0A20910F0A3091100A6C19B0
:103620007D098E099F09061717072807390708F033
:1036300090CFC6CF81E098CF80E0D1CFFB01019041
:103640000020E9F73197AF01461B570BDC01ED91E4
:10365000FC910280F381E02D19948F929F92AF929A
:10366000BF92EF92FF920F931F93CF93DF93CDB74B
:10367000DEB7A1970FB6F894DEBF0FBECDBF7C01B9
:10368000FA01CB0119A2223008F42AE08E010F5D65
:103690001F4F822E912CB12CA12CBF01A5019401AA
:1036A0000E94FA42F901CA016A300CF5605DD80146
:1036B0006E938D01232B242B252B79F790E080E04E
:1036C000109721F0BD01C7010E941E1BA1960FB6E5
:1036D000F894DEBF0FBECDBFDF91CF911F910F9148
:1036E000FF90EF90BF90AF909F908F900895695C8E
:1036F000DECFCF92DF92EF92FF920F931F93CF9383
:10370000DF9377FF21C06A017B01EC01E881F98139
:103710000190F081E02D6DE219958C014427552729
:10372000BA014C195D096E097F092AE0CE010E9499
:103730002D1B800F911FDF91CF911F910F91FF9053
:10374000EF90DF90CF9008952AE0DF91CF911F9105
:103750000F91FF90EF90DF90CF900C942D1B61158F
:10376000710511F00C941E1B90E080E00895CF933A
:10377000DF93EC0182ED9AE00E945107892B29F03A
:1037800082ED9AE00E94B106F5CFBE0182ED9AE08B
:103790000E94AF1B0E945E080E945E08DF91CF91DD
:1037A0000C945E08CF93DF93EC0188819981009798
:1037B00011F00E942A45198218821D821C821B82E8
:1037C0001A82DF91CF910895FC0180819181009749
:1037D00011F00C942A450895CF93DF93EC01898D65
:1037E0009A8D009741F00E944410898D9A8D0E9415
:1037F0002A451A8E198EDF91CF9108950F931F934A
:10380000CF93DF93EC0188819981009759F02A8149
:103810003B812617370730F081E0DF91CF911F9170
:103820000F9108958B016F5F7F4F0E94B345009702
:1038300059F0998388831B830A832C813D81232B34
:1038400059F7FC011082E8CF80E0E7CFEF92FF92BA
:103850000F931F93CF93DF936115710541F480E0BF
:10386000DF91CF911F910F91FF90EF900895411537
:103870005105B1F07B01EC010C811D81040F151F76
:10388000B8010E94FE1B882351F3288139818C8165
:103890009D81B701820F931F0E94C5461D830C8333
:1038A00081E0DECFCF93DF93EC016115710539F430
:1038B000CE010E94D21BCE01DF91CF910895FB0172
:1038C00001900020E9F73197AF01461B570B0E948A
:1038D000261C882369F3EFCFCF93DF93EC01FB0124
:1038E00044815581608171810E94261C811103C031
:1038F000CE010E94D21BCE01DF91CF910895EF92AD
:10390000FF920F931F93CF93DF93EC017B018A010A
:10391000BA010E94FE1B81110BC0CE010E94D21B76
:10392000CE01DF91CF911F910F91FF90EF900895FD
:103930001D830C83B701888199810E94C546F0CF11
:10394000FB0101900020E9F73197AF01461B570BAF
:103950000C947F1C0F931F93CF93DF93CDB7DEB7EB
:10396000A1970FB6F894DEBF0FBECDBF8C01CB017F
:10397000BA01F80111821082138212821582148218
:103980002AE0AE014F5F5F4F0E94293FBE016F5F8B
:103990007F4FC8010E94A01CA1960FB6F894DEBF0D
:1039A0000FBECDBFDF91CF911F910F910895CF939F
:1039B000DF93EC016115710531F00E94A01CCE016E
:1039C000DF91CF9108950E94D21BF9CFCF93DF935F
:1039D000EC01FB018617970749F060817181611541
:1039E000710541F0448155810E947F1CCE01DF9119
:1039F000CF9108950E94D21BF9CFFC011182108251
:103A00001382128215821482FB0101900020E9F7D3
:103A10003197AF01461B570B0C947F1CEF92FF921E
:103A20000F931F93CF93DF93CDB7DEB72E970FB6CB
:103A3000F894DEBF0FBECDBF7C018B0162E573E061
:103A4000CE0109960E94FD1CF70162817381611508
:103A5000710561F0FB0101900020E9F73197AF019A
:103A6000461B570BCE0109960E94261C44E050E0ED
:103A700067E573E0CE0109960E94261C89859A8528
:103A80000E94B71BCE01019628E0FC0111922A95F5
:103A9000E9F744E650E060E070E04093D60A5093C6
:103AA000D70A6093D80A7093D90A68E070E00E9440
:103AB000C5060897D9F589818137C1F58E818F3F79
:103AC000A9F58F818F3F91F588858F3F79F52D81FD
:103AD0008C8190E0B0E0A0E0DC0199278827B22B30
:103AE0002A81822B4B8150E0542F4427052E000C55
:103AF000660B770B842B952BA62BB72BF8018083B5
:103B00009183A283B38311E0CE0109960E94E41B46
:103B1000812F2E960FB6F894DEBF0FBECDBFDF917A
:103B2000CF911F910F91FF90EF90089510E0ECCF8F
:103B3000CF93DF9300D01F92CDB7DEB719821A82E0
:103B40001B821C82BE016F5F7F4F8BEF9DE00E9446
:103B50000E1D89818093C7020F900F900F900F90D8
:103B6000DF91CF910895CF93DF9300D01F92CDB70F
:103B7000DEB719821A821B821C82BE016F5F7F4FE3
:103B80008BEC9DE00E940E1D89819A8190939E028C
:103B900080939D020F900F900F900F90DF91CF9127
:103BA0000895CF93DF9300D01F92CDB7DEB719826F
:103BB0001A821B821C82BE016F5F7F4F8BE99DE0E2
:103BC0000E940E1D89819A819093A00280939F028A
:103BD0000F900F900F900F90DF91CF910895CF939A
:103BE000DF9300D01F92CDB7DEB719821A821B82F5
:103BF0001C82BE016F5F7F4F8BE69DE00E940E1D11
:103C000089819A819093A2028093A1020F900F90D4
:103C10000F900F90DF91CF910895CF93DF9300D055
:103C20001F92CDB7DEB719821A821B821C82BE0199
:103C30006F5F7F4F8BEA9CE00E940E1D29813A81C5
:103C40004B815C81AAEFB0E00E94EF4224E630E0B5
:103C500040E050E00E94D0422B5F3F4F4F4F5F4FFC
:103C6000209319020F900F900F900F90DF91CF913A
:103C700008953F924F925F926F927F928F929F92A0
:103C8000AF92BF92CF92DF92EF92FF920F931F936A
:103C9000CF93DF9300D000D000D01F921F92CDB7FA
:103CA000DEB77C01FE013196CE010C966F0130E249
:103CB0003193E817F907E1F7DA0130E087E09D91E9
:103CC000B92E992309F43CC09E32F1F48A30C9F42C
:103CD00080E02B960FB6F894DEBF0FBECDBFDF910C
:103CE000CF911F910F91FF90EF90DF90CF90BF90F9
:103CF000AF909F908F907F906F905F904F903F908C
:103D0000089538E08AE0DBCFE9EBF3E04491442307
:103D100021F031969413FACFDBCF8317C8F24FED21
:103D2000490F4E35A8F64FE9490F4A3118F440EED5
:103D3000B42EB90EF601E30FF11DB0823F5FBFCF85
:103D40008981803229F2322E8B01DB015B968D91C5
:103D50009C915C97F701948F838F16961D921D920C
:103D60001D921C921997FB011286138614861586E4
:103D7000F80182859385A485B58543895489658931
:103D8000768984179507A607B70708F04DC025E088
:103D9000B695A795979587952A95D1F7F82FFF7037
:103DA000AF2ED80115968C91823008F491CFC801BE
:103DB0000E94B91297FD8CCFF80182859385A48566
:103DC000B5854F96A11DB11D82879387A487B587BE
:103DD000F0E2AF9EB00111246D51784F611571056D
:103DE00009F476CFDB018C91882341F0853E09F000
:103DF00062C0BB2029F0BB24B394BACFB1100EC06F
:103E0000F701A28A8091000290910102A091020222
:103E1000B091030286879787A08BB18BDB018C91D1
:103E20008111E9CFBB24B394832D8271823109F0D3
:103E30004FCFBB2009F44DC0F70166857785808997
:103E4000918941E00E94B70A882309F441CFD70144
:103E500052968C91B0E28B9FC00111248D51984FE6
:103E6000009709F435CFFC013A9626E1DF011D9257
:103E70002A95E9F72BE0F601DC0101900D922A95D5
:103E8000E1F721E238E2FC01318B208B40E058E081
:103E900057874687338B228B318F208F578B468BEA
:103EA00081E00E948C0A882309F412CF432DD701A8
:103EB00052966C910AC04BE050E0C6010E949446B5
:103EC000892B09F055CF432D6A2DC7010E944D194A
:103ED00000CFF8018581823009F4FACEC8010E9432
:103EE000A00E882309F4F4CED8015B96ED91FC91E5
:103EF0005C9716968D909D90AD90BC901997B2E00E
:103F00008B1A9108A108B108858504C0880C991CFA
:103F1000AA1CBB1C8A95D2F786859785A089B18992
:103F2000880E991EAA1EBB1E848124013501480EED
:103F3000511C611C711C84149504A604B70409F17A
:103F4000E1E04E1A51086108710881E00E948C0A74
:103F5000882309F4BDCEE3EEF7E0119283EE99E0F9
:103F60008E179F07D1F74092000250920102609293
:103F70000202709203028091600781608093600763
:103F8000DACFD8015B96ED91FC91258580E092E037
:103F9000A0E0B0E004C0880F991FAA1FBB1F2A959C
:103FA000D2F7F8014389548965897689840F951F72
:103FB000A61FB71F838B948BA58BB68BD701529608
:103FC0001C9283EE97E04FCFEF92FF920F931F93D7
:103FD000CF93DF93EC017B018A011B821A8288EE6A
:103FE00093E0A0E0B0E08C839D83AE83BF8388E044
:103FF00093E0998388838DE190E00E948E449A8FAC
:10400000898F009779F02DE1F701DC0101900D9285
:104010002A95E1F74CE050E0B801CE010C960E94E1
:10402000CC46188EDF91CF911F910F91FF90EF90AA
:104030000895EF92FF920F931F93CF93DF93CDB725
:10404000DEB7C755D1090FB6F894DEBF0FBECDBF9E
:104050008C011C821B828CE2E82E83E0F82EFA820F
:10406000E9821E82CE0101960E94B80DBE016F5FEB
:104070007F4FCE01CB960E94FD1119A218A2FF8E90
:10408000EE8E1BA221968FAD2197811121C0F801E0
:104090001382128288EE93E0A0E0B0E084839583DF
:1040A000A683B78388E093E091838083128E118E7C
:1040B0001486C801C95ADF4F0FB6F894DEBF0FBE91
:1040C000CDBFDF91CF911F910F91FF90EF90089599
:1040D00027E14CE553E0BE01655C7F4FCE014E9673
:1040E0000E94391E882399F2CE01CB960E9444107B
:1040F00049A95AA96BA97CA9CE014E960E940C0E23
:10410000BE01625E7F4FCE0101960E94FD114CE51B
:1041100053E0BE016F5F7F4FC8010E94E41FC9CF0B
:10412000CF92DF92EF92FF920F931F93CF93DF9383
:10413000CDB7DEB762970FB6F894DEBF0FBECDBF26
:104140007B018A01880F991FFC01E450FD4FC0805C
:10415000D1800E947205AB01BC01CE0101960E9484
:10416000AA1C18861F821A8619861C861B86BE0109
:104170006F5F7F4FCE0107960E94E61C69E673E0F1
:10418000CE0107960E94521CB6010E94521C69E69D
:1041900073E00E94521CB7010E94521C69E673E052
:1041A0000E94521CB8010E946C1C69E775E00E94D5
:1041B000521C1E861D86188A1F861A8A198ABC01FF
:1041C000CE010D960E94E61CCE0107960E94E41BCC
:1041D000CE0101960E94E41BBE01635F7F4F8FE614
:1041E0009BE00E942A068091C107883010F591E07B
:1041F000980F9093C10726E0829FC0011124BE0151
:10420000635F7F4F855A914F0E94E61CCE010D9649
:104210000E94E41B62960FB6F894DEBF0FBECDBFBE
:10422000DF91CF911F910F91FF90EF90DF90CF9092
:1042300008958091BE029091BF0201969093BF02B3
:104240008093BE02E3CFCF93DF9300D000D0CDB7F1
:10425000DEB781E0809382026BE673E0CE010196C7
:104260000E94FD1CAE014F5F5F4F60E873E090E07D
:1042700080E00E949020CE0101960E94E41B2696C9
:104280000FB6F894DEBF0FBECDBFDF91CF9108957A
:10429000CF93DF9300D000D0CDB7DEB7109282026B
:1042A0000E94C11768E873E0CE0101960E94FD1CD0
:1042B000AE014F5F5F4F60E873E090E080E00E94E6
:1042C0009020CE0101960E94E41B26960FB6F8942A
:1042D000DEBF0FBECDBFDF91CF910895CF93DF93A7
:1042E000CDB7DEB72C970FB6F894DEBF0FBECDBFAB
:1042F00080918A0290918B02A0918C02B0918D02E4
:10430000803127E29207A105B1050CF44EC0BC0133
:10431000CD01693428EE720721E08207910524F06F
:1043200068E478EE81E090E0685873418109910972
:1043300060938A0270938B0280938C0290938D021B
:1043400028EE33E040E050E00E94FA42BA01A901B1
:10435000CE0107960E94AA1C6EE973E0CE01019679
:104360000E94FD1CBE01695F7F4FCE0101960E9435
:104370006C1C64EB73E00E94521CAC0160E873E0BB
:1043800090E080E00E949020CE0101960E94E41B04
:10439000CE0107960E94E41B2C960FB6F894DEBF60
:1043A0000FBECDBFDF91CF91089568E873E180E043
:1043B00090E0BECFCF93DF93CDB7DEB72C970FB68B
:1043C000F894DEBF0FBECDBF80918A0290918B0220
:1043D000A0918C02B0918D02B7FD4EC0BC01CD0101
:1043E000693321EC720721E08207910524F068E32C
:1043F00071EC81E090E068577C4E8F4F9F4F609347
:104400008A0270938B0280938C0290938D0228EE27
:1044100033E040E050E00E94FA42BA01A901CE0127
:1044200007960E94AA1C66EB73E0CE0101960E94DB
:10443000FD1CBE01695F7F4FCE0101960E946C1C7E
:1044400064EB73E00E94521CAC0160E873E090E002
:1044500080E00E949020CE0101960E94E41BCE01D4
:1044600007960E94E41B2C960FB6F894DEBF0FBE91
:10447000CDBFDF91CF91089568E873E180E090E0CF
:10448000BECFCF93DF9300D000D0CDB7DEB7809101
:104490007F0291E0892780937F0267EE73E0882393
:1044A00011F06CEC73E0CE0101960E94FD1CAE0190
:1044B0004F5F5F4F60E873E081E090E00E949020E2
:1044C000CE0101960E94E41B26960FB6F894DEBF3B
:1044D0000FBECDBFDF91CF91089585ED8093BC00D5
:1044E00080910D0A90910E0AA0910F0AB091100AC6
:1044F0000796A11DB11D23E0B695A79597958795C1
:104500002A95D1F72091BC0024FD03C010920B0A1C
:10451000089540910D0A50910E0A60910F0A709112
:10452000100A452B462B472B69F30097A105B105CF
:1045300041F02AE22A95F1F700C00197A109B109DB
:10454000E1CF80910C0A0C94D815DF92EF92FF9284
:104550000F931F93CF93DF938091B0028F9380913D
:10456000AF028F9382E294E09F938F931F9210E3A8
:104570001F93CAECD6E0DF93CF930E94DB46BE01C7
:1045800082ED9AE00E94AF1B0E949B178091B202BD
:104590008F938091B1028F9386E394E09F938F93E2
:1045A0001F921F93DF93CF930E94DB46BE0182EDE3
:1045B0009AE00E94AF1B0E949B178091AE028F93DE
:1045C0008091AD028F938CE494E09F938F931F9220
:1045D0001F93DF93CF930E94DB46BE0182ED9AE0EA
:1045E0000E94AF1B0E949B1760918A0270918B0200
:1045F00080918C0290918D0228EE33E040E050E0F3
:104600000E94FA425F934F933F932F9382E694E088
:104610009F938F931F921F93DF93CF930E94DB464C
:104620008DB79EB782960FB6F8949EBF0FBE8DBF12
:10463000BE0182ED9AE00E94AF1B0E949B17809101
:10464000B50263E174E0882311F065E074E082ED67
:104650009AE00E94AF1B0E949B178091A7028130B5
:1046600009F47EC008F475C0823009F47CC00E9451
:104670009B176091760270917702809178029091F9
:10468000790200EC16E022E044E00E94CF3E78017F
:10469000FF920F9384EB94E09F938F931F9280E39C
:1046A000D82EDF92CAECD6E0DF93CF930E94DB4690
:1046B000BE0182ED9AE00E94AF1B0E949B176091A1
:1046C0007A0270917B0280917C0290917D0222E0BF
:1046D00044E00E94CF3EFF920F9386EC94E09F93BC
:1046E0008F931F92DF92DF93CF930E94DB46BE0130
:1046F00082ED9AE00E94AF1B0E949B178DB79EB778
:1047000040960FB6F8949EBF0FBE8DBF80917F027A
:1047100068ED74E0811102C062EF74E082ED9AE00E
:104720000E94AF1B0E949B178091AA026EE873E063
:10473000882311F062EA73E082ED9AE00E94380665
:10474000DF91CF911F910F91FF90EF90DF900C942C
:104750009B176FE674E082ED9AE00E94AF1B87CF53
:1047600064E874E0F8CF6CE974E0F5CF1F920F9223
:104770000FB60F9211242F933F938F939F93AF9374
:10478000BF938091D1079091D207A091D307B091A8
:10479000D4073091D00723E0230F2D3758F5019629
:1047A000A11DB11D2093D0078093D1079093D2070C
:1047B000A093D307B093D4078091D5079091D607E3
:1047C000A091D707B091D8070196A11DB11D809384
:1047D000D5079093D607A093D707B093D807BF917A
:1047E000AF919F918F913F912F910F900FBE0F909E
:1047F0001F90189526E8230F0296A11DB11DD2CF58
:104800001F920F920FB60F9211240BB60F922F9397
:104810003F934F935F936F937F938F939F93AF9348
:10482000BF93EF93FF93E0911202F0911302199559
:10483000FF91EF91BF91AF919F918F917F916F9178
:104840005F914F913F912F910F900BBE0F900FBE34
:104850000F901F9018951F920F920FB60F92112470
:104860000BB60F922F933F934F935F936F937F936A
:104870008F939F93AF93BF93EF93FF93E0911002B9
:10488000F09111021995FF91EF91BF91AF919F9116
:104890008F917F916F915F914F913F912F910F90E9
:1048A0000BBE0F900FBE0F901F9018951F920F9286
:1048B0000FB60F9211240BB60F922F933F934F9385
:1048C0005F936F937F938F939F93AF93BF93EF9378
:1048D000FF93E0910602F09107021995FF91EF9185
:1048E000BF91AF919F918F917F916F915F914F9108
:1048F0003F912F910F900BBE0F900FBE0F901F9006
:1049000018951F920F920FB60F9211240BB60F92AB
:104910002F933F934F935F936F937F938F939F93C7
:10492000AF93BF93EF93FF93E0910402F0910502E0
:104930001995FF91EF91BF91AF919F918F917F91C9
:104940006F915F914F913F912F910F900BBE0F9000
:104950000FBE0F901F9018951F920F920FB60F92D7
:1049600011240BB60F922F933F934F935F936F9346
:104970007F938F939F93AF93BF93EF93FF93E091B8
:104980000E02F0910F021995FF91EF91BF91AF9137
:104990009F918F917F916F915F914F913F912F9157
:1049A0000F900BBE0F900FBE0F901F9018951F9287
:1049B0000F920FB60F9211240BB60F922F933F93C5
:1049C0004F935F936F937F938F939F93AF93BF9317
:1049D000EF93FF93E0910C02F0910D021995FF9176
:1049E000EF91BF91AF919F918F917F916F915F9167
:1049F0004F913F912F910F900BBE0F900FBE0F90D4
:104A00001F9018951F920F920FB60F9211240BB69C
:104A10000F922F933F934F935F936F937F938F9357
:104A20009F93AF93BF93EF93FF93E0910A02F091AE
:104A30000B021995FF91EF91BF91AF919F918F91CB
:104A40007F916F915F914F913F912F910F900BBE8E
:104A50000F900FBE0F901F9018951F920F920FB6D8
:104A60000F9211240BB60F922F933F934F935F93A6
:104A70006F937F938F939F93AF93BF93EF93FF9326
:104A8000E0910802F09109021995FF91EF91BF9111
:104A9000AF919F918F917F916F915F914F913F91D6
:104AA0002F910F900BBE0F900FBE0F901F90189577
:104AB0001F920F920FB60F9211240BB60F922F93E5
:104AC0003F934F935F936F937F938F939F93AF9396
:104AD000BF93EF93FF9385E39AE00E94EF07FF9166
:104AE000EF91BF91AF919F918F917F916F915F9166
:104AF0004F913F912F910F900BBE0F900FBE0F90D3
:104B00001F9018951F920F920FB60F9211240BB69B
:104B10000F922F933F934F935F936F937F938F9356
:104B20009F93AF93BF93EF93FF9385E39AE00E9427
:104B30008906FF91EF91BF91AF919F918F917F91E6
:104B40006F915F914F913F912F910F900BBE0F90FE
:104B50000FBE0F901F9018951F920F920FB60F92D5
:104B600011240BB60F922F933F934F935F936F9344
:104B70007F938F939F93AF93BF93EF93FF9382EDB8
:104B80009AE00E94EF07FF91EF91BF91AF919F9143
:104B90008F917F916F915F914F913F912F910F90E6
:104BA0000BBE0F900FBE0F901F9018951F920F9283
:104BB0000FB60F9211240BB60F922F933F934F9382
:104BC0005F936F937F938F939F93AF93BF93EF9375
:104BD000FF9382ED9AE00E948906FF91EF91BF91C9
:104BE000AF919F918F917F916F915F914F913F9185
:104BF0002F910F900BBE0F900FBE0F901F90189526
:104C00001F920F920FB60F9211240BB60F922F9393
:104C10003F934F935F936F937F938F939F93AF9344
:104C2000BF93EF93FF938FE69BE00E94EF07FF9106
:104C3000EF91BF91AF919F918F917F916F915F9114
:104C40004F913F912F910F900BBE0F900FBE0F9081
:104C50001F9018951F920F920FB60F9211240BB64A
:104C60000F922F933F934F935F936F937F938F9305
:104C70009F93AF93BF93EF93FF938FE69BE00E94C8
:104C80008906FF91EF91BF91AF919F918F917F9195
:104C90006F915F914F913F912F910F900BBE0F90AD
:104CA0000FBE0F901F9018951F920F920FB60F9284
:104CB00011240F900FBE0F901F9018951F920F9206
:104CC0000FB60F9211240BB60F922F933F934F9371
:104CD0005F936F937F938F939F93AF93BF93EF9364
:104CE000FF938091B900887F803609F44DC008F0A9
:104CF00040C0883209F4A9C028F5803109F49DC06C
:104D0000C8F4882309F4FBC0883009F496C0FF91E9
:104D1000EF91BF91AF919F918F917F916F915F9133
:104D20004F913F912F910F900BBE0F900FBE0F90A0
:104D30001F901895883109F488C0803241F780931C
:104D4000090A14C0803409F49DC040F48033B9F3DB
:104D50008833E9F68093090A85ECB0C0803509F400
:104D600085C0883509F496C0883489F60E946D2282
:104D7000CECF883909F48CC038F5883729F050F443
:104D8000883611F0803719F683E080930B0A109271
:104D90005D0757C0883809F47BC0803919F0803826
:104DA00009F0B5CF80915D07803208F071C0E091C5
:104DB0005D0781E08E0F80935D078091BB00F0E07E
:104DC000E35CF84F80833DC0803B39F0E0F4803AEB
:104DD00009F479C0883A09F09ACF84E080930B0AED
:104DE00010923C0710923B07E0916A07F0916B0725
:104DF000199580913B0781110FC081E080933B079B
:104E000010921B0709C0803C09F4A6CF883C09F426
:104E1000A3CF883B09F07BCFE0913C0781E08E0F68
:104E200080933C07F0E0E55EF84F80818093BB0003
:104E300090913C0780913B0729C08091E6098093BF
:104E4000BB0085EC8093BC0062CF9091080A8091F2
:104E5000070A981758F5E091080A81E08E0F8093B1
:104E6000080AF0E0E951F64F8081E9CFE091080AA5
:104E700081E08E0F8093080A8091BB00F0E0E95139
:104E8000F64F80839091080A8091070A9817C8F21C
:104E900085E8D8CFE091080A81E08E0F8093080A58
:104EA0008091BB00F0E0E951F64F808380910A0ABF
:104EB00081115CCF81E08093E50984EA8093BC0096
:104EC00010920B0A24CF85EC8093BC0010920B0A41
:104ED00080915D07803230F4E0915D07F0E0E35CA3
:104EE000F84F108260915D0770E0E0916807F091E3
:104EF00069078DE397E0199510925D0708CF10922E
:104F0000090A34CF1F920F920FB60F9211248F937C
:104F100081E08093CB078F910F900FBE0F901F9071
:104F20001895CF92DF92EF92FF920F931F93CF933A
:104F3000DF93EC016B01F42EE52E198218861F8693
:104F4000188A198A1A8A81E08E878B871C8692E0DC
:104F50009D8788838B01000F111F060F171F1D836C
:104F60000C83C8010E948E449A878987009789F133
:104F7000A80170E060E00E94AA46DB82CA82FE823D
:104F8000EF828981882341F061E08F2D0E94F10337
:104F900060E08F2D0E94C3038F2D9E2DFC01EA59E6
:104FA000FA4FE491F0E0EE0FFF1FE45BFA4F25911A
:104FB00034913C8B2B8BFC01EA5FFA4FE491ED8B33
:104FC000DF91CF911F910F91FF90EF90DF90CF90E5
:104FD00008951D821C821B821A82D1CFEF92FF920C
:104FE0000F931F93CF93DF931092380A1092370AD2
:104FF00088EE93E0A0E0B0E08093390A90933A0AFB
:10500000A0933B0AB0933C0A2AE133E03093360A7E
:105010002093350A45E351E05093420A4093410AF8
:1050200044E351E05093440A4093430A40E351E083
:105030005093460A4093450A41E351E05093480A91
:105040004093470A42E351E050934A0A4093490A89
:1050500046E351E050934C0A40934B0A10924E0A9B
:1050600010924F0A1092500A1092510A1092D50ACB
:105070001092D40A8093D60A9093D70AA093D80AA4
:10508000B093D90A3093D30A2093D20A45ED50E069
:105090005093DF0A4093DE0A44ED50E05093E10A5A
:1050A0004093E00A40ED50E05093E30A4093E20A57
:1050B00041ED50E05093E50A4093E40A42ED50E0A0
:1050C0005093E70A4093E60A46ED50E05093E90A10
:1050D0004093E80A1092EB0A1092EC0A1092ED0A43
:1050E0001092EE0A1092720B1092710B8093730B58
:1050F0009093740BA093750BB093760B3093700B59
:1051000020936F0B25EC30E030937C0B20937B0BCE
:1051100024EC30E030937E0B20937D0B20EC30E0CC
:105120003093800B20937F0B21EC30E03093820B87
:105130002093810B22EC30E03093840B2093830B7F
:1051400026EC30E03093860B2093850B1092880B71
:105150001092890B10928A0B10928B0B20E52093F2
:105160000C0C10920D0C1092130C1092140C109247
:10517000170C1092190C42E050E060E070E0409390
:105180001A0C50931B0C60931C0C70931D0C109206
:10519000310C10923B0C10923A0C2CE233E030931D
:1051A000390C2093380C10923D0C10925A0C10922E
:1051B000590C80935B0C90935C0CA0935D0CB093A6
:1051C0005E0C88E393E09093580C8093570C6AE749
:1051D00075E085EF9EE00E94FD1C4EE150E068E026
:1051E00070E08FED9EE00E94912783E28093D70EBE
:1051F0002BE02093D80E96E09093D90E81E0809317
:10520000DE0E34E23093C90E2093CA0E9093CB0E7B
:105210008093D00E35E23093BB0E2093BC0E90935A
:10522000BD0E8093C20E4AE250E06AE070E08FE962
:105230009EE00E9491271092960E1092950E8AE49D
:1052400093E09093940E8093930E87E28093970E51
:1052500084E180939C0E84E080939D0E10929E0EBC
:1052600080919D0290919E029C01225331093093BE
:10527000920E2093910E8C599F4F9093900E809395
:105280008F0E80919F029091A0029C0122533109C0
:1052900030938E0E20938D0E8C599F4F90938C0ED1
:1052A00080938B0ECBE5DEE06AE775E0CE010E94CD
:1052B000FD1C26968EE0CB38D807B1F781E08093AD
:1052C0004F0E8093500E2FE035E03093520E209316
:1052D000510E1092540E1092530E1092580E1092BE
:1052E000570E10925A0E1092590E1092560E10929E
:1052F000550E8093430EB2E0B093440EE2E1F5E028
:10530000F093460EE093450E1092480E1092470E11
:1053100010924C0E10924B0E10924E0E10924D0E9B
:1053200010924A0E1092490E8093370E96E0909399
:10533000380E25E135E030933A0E2093390E109265
:105340003C0E10923B0E1092400E10923F0E1092A7
:10535000420E1092410E10923E0E10923D0E80931E
:105360002B0E83E080932C0E48E155E050932E0ED7
:1053700040932D0E1092300E10922F0E1092340E7C
:105380001092330E1092360E1092350E1092320E8D
:105390001092310EB0931F0E64E06093200E4DE129
:1053A00055E05093220E4093210E1092240E10923D
:1053B000230E1092280E1092270E10922A0E109291
:1053C000290E1092260E1092250EAFE0A093130E18
:1053D00075E07093140E43E255E05093160E40931F
:1053E000150E1092180E1092170E10921C0E10929D
:1053F0001B0E10921E0E10921D0E10921A0E10927D
:10540000190EA093070E9093080E30930A0E209366
:10541000090E10920C0E10920B0E1092100E10929C
:105420000F0E1092120E1092110E10920E0E10927C
:105430000D0EA093FB0D6093FC0DC6E2D5E0D0935A
:10544000FE0DC093FD0D1092000E1092FF0D1092F4
:10545000040E1092030E1092060E1092050E10927A
:10546000020E1092010E8093EF0DB093F00DF093A9
:10547000F20DE093F10D1092F40D1092F30D1092D5
:10548000F80D1092F70D1092FA0D1092F90D10927E
:10549000F60D1092F50D8093E30D8093E40D50937B
:1054A000E60D4093E50D1092E80D1092E70D109275
:1054B000EC0D1092EB0D1092EE0D1092ED0D10927E
:1054C000EA0D1092E90D8093D70D7093D80D3093AB
:1054D000DA0D2093D90D1092DC0D1092DB0D109295
:1054E000E00D1092DF0D1092E20D1092E10D10927E
:1054F000DE0D1092DD0D7093CB0D6093CC0DD0932B
:10550000CE0DC093CD0D1092D00D1092CF0D1092F4
:10551000D40D1092D30D1092D60D1092D50D10927D
:10552000D20D1092D10D7093BF0DB093C00DF093BA
:10553000C20DE093C10D1092C40D1092C30D1092D4
:10554000C80D1092C70D1092CA0D1092C90D10927D
:10555000C60D1092C50D7093B30D8093B40D50938A
:10556000B60D4093B50D1092B80D1092B70D109274
:10557000BC0D1092BB0D1092BE0D1092BD0D10927D
:10558000BA0D1092B90D7093A70DA7E0A093A80DC6
:105590003093AA0D2093A90D1092AC0D1092AB0D73
:1055A0001092B00D1092AF0D1092B20D1092B10D7D
:1055B0001092AE0D1092AD0D90939B0D90939C0D9B
:1055C000D0939E0DC0939D0D1092A00D10929F0D33
:1055D0001092A40D1092A30D1092A60D1092A50D7D
:1055E0001092A20D1092A10D90938F0D8093900DAB
:1055F000F093920DE093910D1092940D1092930DF3
:105600001092980D1092970D10929A0D1092990D7C
:105610001092960D1092950D9093830D6093840DCA
:105620005093860D4093850D1092880D1092870D32
:1056300010928C0D10928B0D10928E0D10928D0D7C
:1056400010928A0D1092890D9093770DA093780D8A
:1056500030937A0D2093790D10927C0D10927B0D72
:105660001092800D10927F0D1092820D1092810D7C
:1056700010927E0D10927D0DA0936B0D90936C0D8A
:10568000D0936E0DC0936D0D1092700D10926F0D32
:105690001092740D1092730D1092760D1092750D7C
:1056A0001092720D1092710DA0935F0D8093600D9A
:1056B000F093620DE093610D1092640D1092630DF2
:1056C0001092680D1092670D10926A0D1092690D7C
:1056D0001092660D1092650DA093530D6093540DBA
:1056E0005093560D4093550D1092580D1092570D32
:1056F00010925C0D10925B0D10925E0D10925D0D7C
:1057000010925A0D1092590DA093470DB093480D69
:1057100030934A0D2093490D10924C0D10924B0D71
:105720001092500D10924F0D1092520D1092510D7B
:1057300010924E0D10924D0D18E010933B0DB0934A
:105740003C0DF0933E0DE0933D0D1092400D1092F4
:105750003F0D1092440D1092430D1092460D109281
:10576000450D1092420D1092410D10932F0D809314
:10577000300D5093320D4093310D1092340D109234
:10578000330D1092380D1092370D10923A0D109281
:10579000390D1092360D1092350D1093230D709324
:1057A000240D3093260D2093250D1092280D109274
:1057B000270D10922C0D10922B0D10922E0D109281
:1057C0002D0D10922A0D1092290D1093170D909304
:1057D000180D09E2E02E05E0F02EF0921A0DE0928D
:1057E000190D10921C0D10921B0D1092200D10928D
:1057F0001F0D1092220D1092210D10921E0D10926D
:105800001D0D09E000930B0DB0930C0DF0930E0DE0
:10581000E0930D0D1092100D10920F0D1092140DBB
:105820001092130D1092160D1092150D1092120D6C
:105830001092110D0093FF0C8093000D5093020DF8
:105840004093010D1092040D1092030D1092080D5B
:105850001092070D10920A0D1092090D1092060D6C
:105860001092050DBBE0B093F30C8093F40C5093B1
:10587000F60C4093F50C1092F80C1092F70C109265
:10588000FC0C1092FB0C1092FE0C1092FD0C10926E
:10589000FA0C1092F90CB093E70C6093E80C30937B
:1058A000EA0C2093E90C1092EC0C1092EB0C109285
:1058B000F00C1092EF0C1092F20C1092F10C10926E
:1058C000EE0C1092ED0CB093DB0CA093DC0CA4E377
:1058D000EA2EA5E0FA2EF092DE0CE092DD0C10929A
:1058E000E00C1092DF0C1092E40C1092E30C10927A
:1058F000E60C1092E50C1092E20C1092E10CB093C1
:10590000CF0C1093D00CA7E3B5E0B093D20CA093CA
:10591000D10C1092D40C1092D30C1092D80C10927F
:10592000D70C1092DA0C1092D90C1092D60C10925F
:10593000D50CACE0A093C30C8093C40C5093C60C60
:105940004093C50C1092C80C1092C70C1092CC0C4E
:105950001092CB0C1092CE0C1092CD0C1092CA0C5F
:105960001092C90CA093B70C6093B80C3093BA0C8A
:105970002093B90C1092BC0C1092BB0C1092C00C6E
:105980001092BF0C1092C20C1092C10C1092BE0C5F
:105990001092BD0CA093AB0C7093AC0CD093AE0CDA
:1059A000C093AD0C1092B00C1092AF0C1092B40CCE
:1059B0001092B30C1092B60C1092B50C1092B20C5F
:1059C0001092B10CADE0A0939F0C8093A00C50936B
:1059D000A20C4093A10C1092A40C1092A30C109254
:1059E000A80C1092A70C1092AA0C1092A90C10925D
:1059F000A60C1092A50CA093930C6093940C30937A
:105A0000960C2093950C1092980C1092970C109273
:105A10009C0C10929B0C10929E0C10929D0C10925C
:105A20009A0C1092990CA093870C7093880CAAE39F
:105A3000B5E0B0938A0CA093890C10928C0C109254
:105A40008B0C1092900C10928F0C1092920C109262
:105A5000910C10928E0C10928D0C7EE070937B0C4A
:105A600080937C0CF0937E0CE0937D0C1092800C64
:105A700010927F0C1092840C1092830C1092860C62
:105A80001092850C1092820C1092810C70936F0C06
:105A90006093700C5093720C4093710C1092740CC4
:105AA0001092730C1092780C1092770C10927A0C62
:105AB0001092790C1092760C1092750C7093630C06
:105AC0009093640C3093660C2093650C1092680CD4
:105AD0001092670C10926C0C10926B0C10926E0C62
:105AE00010926D0C10926A0C1092690CDF91CF919C
:105AF0001F910F91FF90EF900895CF93DF93CDB753
:105B0000DEB7CB54D1090FB6F894DEBF0FBECDBFC0
:105B1000789484B5826084BD84B5816084BD85B588
:105B2000826085BD85B5816085BD80916E00816094
:105B300080936E001092810080918100826080933A
:105B4000810080918100816080938100809180003C
:105B50008160809380008091B10084608093B10067
:105B60008091B00081608093B0008091910082604C
:105B70008093910080919100816080939100809149
:105B800090008160809390008091A100826080935A
:105B9000A1008091A10081608093A1008091A0006C
:105BA00081608093A0008091210182608093210117
:105BB0008091210181608093210180912001816089
:105BC0008093200180917A00846080937A00809194
:105BD0007A00826080937A0080917A00816080935D
:105BE0007A0080917A00806880937A001092C100D8
:105BF0008FE69BE00E940B0382ED9AE00E940B036C
:105C000085E39AE00E940B0310926D0710926C07D7
:105C10001092120A1092340A0E94BA1583E296E09A
:105C200090936B0780936A0784E296E090936907EC
:105C30008093680784E1E8EDF2E0DE01D4960190FC
:105C40000D928A95E1F78E010C5C1F4F302EE12EEC
:105C5000680124E1C20ED11CD801FC9061E08F2DB7
:105C60000E94F10361E08F2D0E94C3030E5F1F4F5E
:105C70000C151D0589F761E087E00E94F10361E0E2
:105C800086E00E94F10361E085E00E94F10361E09B
:105C900088E00E94F10361E089E00E94F10361E085
:105CA0008DE20E94F10362E086E20E94F10362E06D
:105CB00087E20E94F10362E08CE20E94F10360E05F
:105CC0008FE10E94F10362E089E20E94F10380E02B
:105CD0000E94361A8093B70287E00E94361A80939A
:105CE000A70281E00E94361AB4E08B9FC001112404
:105CF00090939E0280939D0282E00E94361AE4E017
:105D00008E9FC00111249093A00280939F0283E094
:105D10000E94361A882309F472C5282F30E0A8EEB5
:105D2000B3E00E941C4360938A0270938B028093BD
:105D30008C0290938D0284E00E94361A91E08111CA
:105D400001C090E09093AA0285E00E94361A90E08C
:105D50009093AE028093AD0286E00E94361A91E0E5
:105D6000811101C090E09093B50260E082E00E9452
:105D7000F10385E296E090930502809304028091FE
:105D80006A00836080936A00EC9A61E08AE00E9476
:105D9000F10361E08AE00E94C30380913D0C8823F7
:105DA00021F088E39CE00E9444101092190C10929C
:105DB000170C1092140C1092130C84E08093120CA8
:105DC0000E9472058B0161E08091120C0E94F10328
:105DD00061E08091120C0E94C303FFB6F894809199
:105DE0006707811127C0EBE9F5E08491EBE3F5E06B
:105DF0009491E82FF0E0EE0FFF1FE457FB4FA591C1
:105E0000B491EC91E92321F461E085E30E94C3039E
:105E100061E085E30E94F1038CB580618CBD8CB597
:105E200080648CBD61E084E30E94F10361E083E360
:105E30000E94F103809167078F5F80936707FFBE21
:105E400082E580930C0C10920D0C80910C0C9091BB
:105E50000D0C0E94E2085AE0F52E8FEF0E94BD085B
:105E6000FA94F110FACF8EE09CE00E94E50820E061
:105E700030E0A90160E08EE09CE00E94FB08F82E73
:105E80008093180CF1E08F1709F4BEC40E947205CC
:105E9000601B710B613D774050F381E08093130CE0
:105EA0008EE09CE00E94B2081092BD0269EC73E0A3
:105EB0008FE69BE00E94380668E775E08FE69BE07E
:105EC0000E941E1B62E081E30E94F10362E080E316
:105ED0000E94F10362E082E30E94F10360E08EE23F
:105EE0000E94C30360E08FE20E94C30381ED9EE045
:105EF0000E94071483EC9EE00E94071485EB9EE04D
:105F00000E94071462E080E20E94F10362E081E2F5
:105F10000E94F10362E082E20E94F10362E082E10A
:105F20000E94F10362E083E10E94F10327EE37E172
:105F300030930F0220930E02809169008F7380646A
:105F400080936900EB9A30930D0220930C028091AC
:105F500069008F7C806180936900EA9A8FED9EE0F2
:105F60000E947D156FEF8FED9EE00E9419148FED5A
:105F70009EE00E94AB1462E08BE20E94F1038FE985
:105F80009EE00E947D156FEF8FE99EE00E9419143C
:105F90008FE99EE00E94AB1410926D0710926C077F
:105FA0001092120A1092340A0E94BA1583E296E007
:105FB00090936B0780936A0784E296E09093690759
:105FC000809368071092980E80919D0E823018F091
:105FD00098E09093980E80939B0E62E370E080E0CF
:105FE00090E00E94400560919E0E83E99EE00E9431
:105FF0006E1768EE73E080E090E00E94400560E379
:1060000083E99EE00E94B9190BE416E4C8010197E8
:10601000F1F760E383E99EE00E94B919C801019796
:10602000F1F760E383E99EE00E94B91983E592E00D
:106030000197F1F760E283E99EE00E94B91960914F
:10604000980E606240E083E99EE00E94D21984E0ED
:106050008093990E40E06CE083E99EE00E94D219A3
:106060000E94E91982E080939A0E40E066E083E99D
:106070009EE00E94D21940E062E083E99EE00E9427
:10608000D2198BE39FE10197F1F788E080939E0E90
:1060900060E083E99EE00E946E1762E088E20E9461
:1060A000F10382ED9AE00E940B038AE795E00E94DB
:1060B000B71B8BE795E00E94B71B0E94120783E88D
:1060C00095E00E94B71B0E9412078EE795E090931F
:1060D000580E8093570E8FE49EE090935A0E809353
:1060E000590E82E895E090934C0E80934B0E83E41A
:1060F0009EE090934E0E80934D0E85E895E0909330
:10610000400E80933F0E87E39EE09093420E809373
:10611000410E88E895E09093340E8093330E8BE225
:106120009EE09093360E8093350E8FE895E0909325
:10613000280E8093270E8FE19EE090932A0E809385
:10614000290E86E995E090931C0E80931B0E83E147
:106150009EE090931E0E80931D0E8AE995E0909329
:10616000100E80930F0E87E09EE09093120E8093A6
:10617000110E88E99DE19093040E8093030E8BEF3E
:106180009DE09093060E8093050E8DE995E0909327
:10619000F80D8093F70D8FEE9DE09093FA0D8093AC
:1061A000F90D81EA95E09093EC0D8093EB0D83EE71
:1061B0009DE09093EE0D8093ED0D84EA95E0909331
:1061C000E00D8093DF0D87ED9DE09093E20D8093CD
:1061D000E10D83EB9DE19093D40D8093D30D10924C
:1061E000D60D1092D50D88EA95E09093C80D809356
:1061F000C70D8FEB9DE09093CA0D8093C90D8CEA7B
:1062000095E09093BC0D8093BB0D83EB9DE0909344
:10621000BE0D8093BD0D81EB95E09093B00D809302
:10622000AF0D87EA9DE09093B20D8093B10D81EDA3
:106230009DE19093A40D8093A30D1092A60D109252
:10624000A50D87EB95E09093980D8093970D8FE8BF
:106250009DE090939A0D8093990D8BEB95E0909330
:106260008C0D80938B0D83E89DE090938E0D809331
:106270008D0D80EC95E09093800D80937F0D87E7E6
:106280009DE09093820D8093810D8FEE9DE1909320
:10629000740D8093730D1092760D1092750D86EC2F
:1062A00095E09093680D8093670D8FE59DE0909346
:1062B0006A0D8093690D8AEC95E090935C0D809354
:1062C0005B0D83E59DE090935E0D80935D0D8FECFB
:1062D00095E09093500D80934F0D87E49DE090934F
:1062E000520D8093510D85ED95E09093440D809370
:1062F000430D8BE39DE09093460D8093450D89ED12
:1063000095E09093380D8093370D8FE29DE0909348
:106310003A0D8093390D8CED95E090932C0D809380
:106320002B0D83E29DE090932E0D80932D0D80EE3A
:1063300095E09093200D80931F0D87E19DE0909351
:10634000220D8093210D8BEE95E09093140D809398
:10635000130D8BE09DE09093160D8093150D8FEE3D
:1063600095E09093080D8093070D8FEF9CE090933C
:106370000A0D8093090D83E291E29093FC0C8093C7
:10638000FB0C83EF9CE09093FE0C8093FD0C88E463
:1063900091E29093F00C8093EF0C87EE9CE0909349
:1063A000F20C8093F10C8EE691E29093E40C8093D2
:1063B000E30C8BED9CE09093E60C8093E50C8AED6A
:1063C00091E29093D80C8093D70C8FEC9CE0909343
:1063D000DA0C8093D90C82EF95E09093CC0C8093EB
:1063E000CB0C83EC9CE09093CE0C8093CD0C86EF8D
:1063F00095E09093C00C8093BF0C87EB9CE090934A
:10640000C20C8093C10C8DE09EE19093B40C8093FC
:10641000B30C8BEA9CE09093B60C8093B50C82E4AD
:1064200098E19093A80C8093A70C8FE99CE090933F
:10643000AA0C8093A90C87E498E190939C0C80931C
:106440009B0C83E99CE090939E0C80939D0C8BE4C5
:1064500098E19093900C80938F0C87E89CE0909348
:10646000920C8093910C89EF95E09093840C80932B
:10647000830C8BE79CE09093860C8093850C8EE0D8
:1064800096E09093780C8093770C8FE69CE0909345
:106490007A0C8093790C81E492E290936C0C809357
:1064A0006B0C83E69CE090936E0C80936D0C809156
:1064B000BD026FE375E0811102C069E475E0CE01B1
:1064C00001960E94FD1CAE014F5F5F4F6AE875E0C8
:1064D00090E080E00E949020CE0101960E94E41B93
:1064E0006CE474E08FE69BE00E94380668E775E094
:1064F0008FE69BE00E941E1BFF24F39482E00E9423
:106500009A038C0181E00130110509F080E080934D
:1065100072028FE10E949A0321E0892B09F420E0A6
:1065200020937402809173020130110509F00DC2AD
:10653000811124C06FE875E0CE0101960E94FD1C18
:10654000AE014F5F5F4F69E975E090E080E00E9427
:106550009020CE0101960E94E41B1092AC02109292
:10656000AB02F0928002F09281028091B50281111B
:10657000F092B302F092A702F092A602809172020A
:106580008093730289E20E949A038C01DD24D394E4
:10659000892B09F4D12C80911402D81661F00E9445
:1065A000720560936E0770936F07809370079093E6
:1065B0007107D09214020E94720580906E0790902D
:1065C0006F07A0907007B0907107681979098A0960
:1065D0009B09623371058105910550F181E0011538
:1065E000110509F080E08093830280918402012BE1
:1065F00009F0E0C1811118C065EC75E0CE0101968B
:106600000E94FD1CAE014F5F5F4F65ED75E090E0AD
:1066100080E00E949020CE0101960E94E41B8091B0
:10662000820281110E94CD1780918302809384029F
:1066300086E20E949A0321E0009709F420E0892B6A
:1066400071F480911502882351F08091B702813056
:1066500009F4CFC108F4C7C1823009F4D0C1209336
:10666000150287E20E949A0311E0009709F410E0F6
:10667000892B69F480911602882349F0809176076E
:10668000811105C080918E028F250E94851710937D
:10669000160285E39AE00E9451076C01892B09F4E8
:1066A000EAC185E39AE00E94B1068A3009F0CDC1C3
:1066B0008091F90E9091FA0E892B09F499C0C0903F
:1066C000F50ED090F60E6AE370E0C6010E94B14666
:1066D000009709F48DC08C010C191D0917FD88C0A5
:1066E0006AE775E0832D9E2D0E94FD1C8091F90EB6
:1066F0009091FA0E0097E9F068018017910708F46D
:106700006C01E091F50EF091F60EEC0DFD1DB080E0
:1067100010826091F50E7091F60ECE01C4960E9423
:10672000D71C8091F50E9091F60EC80ED91ED60199
:10673000BC920F5F1F4FA090F90EB090FA0EA016FA
:10674000B10628F09A2D8B2D5801092F182F6AE7D2
:1067500075E0CE0101960E94FD1CC090F90ED0900C
:10676000FA0EAC14BD04F0F40C151D0508F4680114
:10677000E091F50EF091F60EEC0DFD1D10811082EA
:106780006091F50E7091F60E6A0D7B1DCE0101969B
:106790000E94D71C8091F50E9091F60EC80ED91E5E
:1067A000F601108388AD99AD892BD1F00CA91DA9F4
:1067B0006AEE75E0C8010E94BC46892B09F029C128
:1067C00089819A81009709F420C10E94ED3E21E061
:1067D000613071058105910509F020E02093900258
:1067E000CE0101960E94E41BCE01C4960E94E41BD8
:1067F0006AE775E085EF9EE00E94A01C4ACF60E347
:1068000075E780E090E08FCA2AEA31E040E050E08E
:1068100068E08EE09CE00E94FB0882FF2AC0F092B4
:10682000190C8091190C812C912CA12C30E4B32EE1
:10683000823019F0812C912C540120E030E0A90124
:1068400067E38EE09CE00E94FB08A501940169E2E9
:106850008EE09CE00E94FB088093180C8823D1F006
:106860000E947205601B710B613D774030F388E038
:1068700015CB44E0F42E0E94C4088093180CFA94BF
:10688000F110F9CF8A3A11F082E008CB82E08093D0
:10689000190CC7CF8091190C8230D1F420E030E080
:1068A000A9016AE38EE09CE00E94FB08882311F0B6
:1068B00086E0F4CA0E94C408807C803C19F483E01E
:1068C0008093190C0E94C4080E94C4080E94C40846
:1068D0008EE09CE00E94B20880E580930C0C109240
:1068E0000D0C81E00E94010B882341F188E39CE0BC
:1068F0000E94B80D882309F4D7CA81E08093BD02B5
:10690000CE0101960E941920EA8DFB8D309709F483
:10691000D9CA8581882309F4D5CA64E374E0CE011D
:1069200001960E9438066DEE73E0CE0101960E943A
:106930003806CE0101960E94EC1BC4CA80E00E947A
:10694000010B882309F4B0CAD1CF882309F416CEED
:106950006DE975E0CE0101960E94FD1CAE014F5F0E
:106960005F4F69E975E090E080E00E949020CE01E1
:1069700001960E94E41B0E94F41960E088E00E94E6
:10698000C30360E089E00E94C3031092800210926A
:1069900081021092AC021092AB021092A3021092EC
:1069A000A6021092B3021092B4021092A5021092A5
:1069B000C602E4CD882309F437CE6AED75E0CE0136
:1069C00001960E94FD1CAE014F5F5F4F65ED75E0C3
:1069D00090E080E00E949020CE0101960E94E41B8E
:1069E0000E94C11721CE8091B3028F258093B302FC
:1069F00036CE9091B60289278093B60230CE809130
:106A0000A6028F258093A6022ACE60E070E0CB011B
:106A1000DECE6FEE75E0C8010E94BC46892B09F0FE
:106A2000DFCE89819A81009761F00E94ED3E21E0DE
:106A3000613071058105910509F020E020939A02EB
:106A4000CFCE60E070E0CB01F2CF8D3009F421CEE3
:106A500089831A8241E050E0BE016F5F7F4F85EF6E
:106A60009EE00E94261C8091F90E9091FA0E899763
:106A700008F40FCEBDCE809176078823E9F00E94FE
:106A8000720500917207109173072091740730917D
:106A90007507601B710B820B930B653F714081057D
:106AA000910550F060E08EE20E94C30360E08FE247
:106AB0000E94C3031092760781E30E949A038C011F
:106AC000AA24A394892B09F4A12C80E30E949A03A1
:106AD000BB24B394009709F4B12C892BD9F480918D
:106AE00018028823B9F010928E0268EF75E0CE018B
:106AF00001960E94FD1CAE014F5F5F4F67E076E09C
:106B000090E080E00E949020CE0101960E94E41B5C
:106B10000E94CD17012BD9F4809117028823B9F078
:106B2000F0928E026CE076E0CE0101960E94FD1C90
:106B3000AE014F5F5F4F67E076E090E080E00E943B
:106B40009020CE0101960E94E41B0E94C117A092E2
:106B50001702B092180282E30E949A0321E0009784
:106B600009F020E020939102892B19F5809192027F
:106B700081111FC00E94720560939302709394026A
:106B8000809395029093960267E674E08FE69BE00F
:106B90000E9438060E947205AB01BC012AE08FE614
:106BA0009BE00E942D1B68E775E08FE69BE00E944A
:106BB0001E1B809191028093920280919002882303
:106BC00009F180918E028823E9F08091720281118F
:106BD00019C068E176E0CE0101960E94FD1CAE016D
:106BE0004F5F5F4F67E076E090E080E00E9490208A
:106BF000CE0101960E94E41B80917607811102C0AC
:106C00000E94851780918502882311F190907C075E
:106C1000911023C00E947205009186021091870294
:106C20002091880230918902601B710B820B930BBB
:106C300000918A0210918B0220918C0230918D027A
:106C4000061717072807390708F06DC00E94C117FB
:106C500090907C07992009F466C00E94720500910B
:106C600078071091790720917A0730917B07601B94
:106C7000710B820B930B683071058105910508F447
:106C800052C00E94720560937807709379078093D1
:106C90007A0790937B0780917707492D55E045024D
:106CA00090011124820F932F911D10E097FD07C0D2
:106CB0008F3F910519F014F08FEF90E0182F10938B
:106CC0007707612F70E085E00E942D04B12CA12C84
:106CD0000091BC022091BB024091BA02B5018FE93C
:106CE0009EE00E945B148FEFA81AB80A9AE0A916DA
:106CF000B10471F7612F8FE99EE00E9419148FE9AA
:106D00009EE00E94AB14191424F41F3F11F410925A
:106D10007C0780917C0787FF06C0111104C0109288
:106D20007C071092850280917202882309F4F3C1D6
:106D30000E94720500917D0710917E0720917F07C8
:106D400030918007601B710B820B930B643F714085
:106D50008105910508F456C00E94720560937D0775
:106D600070937E0780937F079093800788E30E944B
:106D700004059C01A0E0BCEF0E947F4420E034E0C9
:106D800040E050E00E94D042DA01C9019C5FAF4F61
:106D9000BF4F8C0190939C0280939B028CE20E94D7
:106DA0009A03019709F079C010929702B090970268
:106DB0006B2D88E00E94C3036B2D6F2589E00E9434
:106DC000C303BB20F9F080919802811169C08091C2
:106DD000910E9091920E0817190714F4F0929802F0
:106DE00080919802882309F46EC0809199028111E4
:106DF00062C080918D0E90918E0E0817190714F4C1
:106E0000F09299020E947205009181071091820709
:106E10002091830730918407601B710B820B930BC9
:106E200068397A438105910508F454C00E947205BF
:106E30006093810770938207809383079093840700
:106E400081ED9EE00E9488185C0183EC9EE00E9428
:106E500088188C0185EB9EE00E948818E9E1AE1647
:106E6000ECEFBE0611F4B12CA12CB092B202A092AC
:106E7000B1020931FCEF1F0709F46FC089312CEF13
:106E8000920721F1800F911F97FD019695958795A7
:106E90009093B0028093AF021DC0F092970286CF0C
:106EA00080918F0E9091900E801791070CF098CFE3
:106EB0001092980295CF80918B0E90918C0E801736
:106EC00091070CF09FCF109299029CCF1093B002C3
:106ED0000093AF02F894209185071092850778946B
:106EE0002223B1F08091AD029091AE02820F911DEC
:106EF00027FD9A958F31910514F08EE190E08A304C
:106F0000910514F48AE090E09093AE028093AD0274
:106F100080E20E949A03892B31F181E20E949A0358
:106F2000892B21F182E20E949A03892B11F190E0D2
:106F300080E02091AA02222359F04091AF025091A3
:106F4000B0022091AD023091AE0224173507A4F4AF
:106F50009093AC028093AB0213C089313CEF93074E
:106F600009F096CFB7CF82E090E0E3CF81E090E0E8
:106F7000E0CF83E090E0DDCF1092AC021092AB0244
:106F8000A090AB02B090AC0261E041E0A416B10465
:106F900009F460E08AE10E94C30361E052E0A516B3
:106FA000B10409F460E08BE10E94C30361E083E077
:106FB000A816B10409F460E08CE10E94C30380913B
:106FC0008502811119C0809172028111D1C2B12C48
:106FD000A12C00E020E040E0B5018FE99EE00E9496
:106FE0005B149FEFA91AB90AAAE0AA16B10489F79F
:106FF0008FE99EE00E94AB1488E20E949A0311E0A0
:10700000009709F410E0892B81F480911A028823FB
:1070100061F08091B80290E0019665E070E00E9416
:1070200063448093B8020E94E91910931A020E94E7
:10703000720500918607109187072091880730918B
:107040008907601B710B820B930B643F71408105B4
:107050009105E8F00E947205609386077093870798
:1070600080938807909389078091B9029091B80224
:10707000911158C681110E94F4198091B802823092
:1070800009F452C308F0C6C2813009F414C30E9447
:107090005D070E9472054B015C018091C007609101
:1070A0009D0270919E0281110BC47093BF07609383
:1070B000BE0780919F029091A0029093BD0780939C
:1070C000BC0780918A0290918B02A0918C02B091B2
:1070D0008D028093B8079093B907A093BA07B09335
:1070E000BB078091B7028093B7078091B502809368
:1070F000B6078091A7028093B5078091AA0280937A
:10710000B4078091AD029091AE029093B307809343
:10711000B207F092C0078BE20E949A0311E0009739
:1071200009F410E0892B59F480911B02882339F06F
:107130008091A8028F258093A8020E941B181093AB
:107140001B020E9472050091CC071091CD0720917F
:10715000CE073091CF07601B710B820B930B653FFD
:1071600071408105910508F4CBC50E9472056093BA
:10717000CC077093CD078093CE079093CF07609193
:1071800080026F258DE20E94C303609181026F250A
:107190008DE10E94C30380919702882309F47BC587
:1071A000609199026F2585E30E94C3036091980264
:1071B0006F2583E30E94C3036091B3026F2586E1CC
:1071C0000E94C3036091B4026F2587E10E94C3034C
:1071D00061E08091A502811160E089E10E94C30312
:1071E0008091850281110BC08091A6026FEF70E043
:1071F000811102C070E060E086E00E942D04609181
:10720000B6026F2588E10E94C3038091C6028823DD
:1072100071F02091C70230E0AFEFB0E00E941C4354
:1072200024E630E040E050E00E94D0426901B6011F
:1072300087E00E942D048091720281110E94A52294
:1072400064E776E085E39AE00E94AF1B409172020A
:1072500050E070E060E085E39AE00E94791B68E707
:1072600075E085E39AE00E941E1B69E776E085E3FE
:107270009AE00E94AF1B40918E0250E070E060E007
:1072800085E39AE00E94791B68E775E085E39AE060
:107290000E941E1B8091C107882321F08091BD02AE
:1072A0008111FFC41092C1070E9472050091C707A7
:1072B0001091C8072091C9073091CA07601B710B54
:1072C000820B930B603D77408105910508F418C54A
:1072D0000E9472056093C7077093C8078093C9071F
:1072E0009093CA0787E30E9404052CE83CE3DC0185
:1072F0000E9487442FEF33E040E050E00E94D042EC
:10730000CA01B9010E94B34120E030E04AE754E4E9
:107310000E9498434B015C016091C8027091C902C0
:10732000072E000C880B990B0E94B3412DEC3CEC0E
:107330004CEC5DE30E9412429B01AC01C501B4011B
:107340000E942C434B015C0180927602909277025E
:10735000A0927802B092790220917A0230917B0259
:1073600040917C0250917D020E94AC4187FFC2C4D3
:107370008091C6078823E9F11DAA1CAA1FAA1EAA8C
:1073800019AE18AE8E010F5F1F4F22E044E0C50119
:10739000B4010E94CF3EBC01CE01C4960E94D71C0E
:1073A0006FE776E0C8010E94FD1CBE016C5C7F4F58
:1073B000C8010E946C1C6DE876E00E94521CAC0172
:1073C0006FE876E081E090E00E949020C8010E9482
:1073D000E41BCE01C4960E94E41B0E9472056093D8
:1073E000C2077093C3078093C4079093C507109298
:1073F000C6070E9472050091C2071091C307209131
:10740000C4073091C507601B710B820B930B693960
:107410007A438105910508F473C40E947205609354
:10742000C2077093C3078093C4079093C507209148
:107430007A0230917B0240917C0250917D026091F2
:1074400076027091770280917802909179020E9481
:10745000AC4187FF55C480917F02811151C487E3FD
:107460000E9404052CE83CE3DC010E9487442FEFD6
:1074700033E040E050E00E94D042CA01B9010E94CE
:10748000B34120E030E04AE754E40E9498434B01C6
:107490005C016091C8027091C902072E000C880B34
:1074A000990B0E94B3412DEC3CEC4CEC5DE30E9447
:1074B00012429B01AC01C501B4010E942C436093B0
:1074C000760270937702809378029093790282E03B
:1074D0000E949A0321E08130910509F020E0209379
:1074E0007202019709F001C40E945D070E94A52263
:1074F00068EE73E080E090E00E944005F0927E022A
:107500006091760270917702809178029091790271
:107510001DAA1CAA1FAA1EAA19AE18AE8E010F5FC3
:107520001F4F22E044E00E94CF3EBC01CE01C49632
:107530000E94D71C64E976E0C8010E94FD1CBE01D0
:107540006C5C7F4FC8010E946C1C6DE876E00E9465
:10755000521CAC016FE876E081E090E00E94902040
:10756000C8010E94E41BCE01C4960E94E41B5FCFB9
:107570004091B302419500E020E061E070E08FE9C6
:107580009EE00E945B142091A302219540E062E0FE
:1075900070E08FE99EE00E945B140091A50201114A
:1075A00006E920E040E063E070E08FE99EE00E94A1
:1075B0005B144091B4024195042F20E064E070E038
:1075C0008FE99EE00E945B1421E01A141B040CF06A
:1075D00020E0219500E040E065E070E08FE99EE06A
:1075E0000E945B148091AD029091AE0224E61816C1
:1075F00019060CF020E0022F40E066E070E08FE911
:107600009EE00E945B14609119028FE99EE00E9447
:107610001914EECC833009F496C0843009F037CDCC
:1076200060E080E00E94FF1961E676E083E99EE079
:107630000E94AF1B8091970266E675E0811102C03F
:107640006BE675E083E99EE00E94AF1B60E08CE092
:107650000E94FF1940919B0250919C02052E000C44
:10766000660B770B83E99EE00E94791B61E080E066
:107670000E94FF1968E676E083E99EE00E94AF1B56
:107680008091980260E775E0811102C064E775E0BF
:1076900083E99EE00E94AF1B6DE676E083E99EE001
:1076A0000E94AF1B8091990260E775E0811137C09D
:1076B00064E775E034C060E080E00E94FF1964E395
:1076C00076E083E99EE00E94AF1B4091AF025091AB
:1076D000B002052E000C660B770B83E99EE00E943A
:1076E000791B6AE376E083E99EE00E94AF1B61E0CC
:1076F00080E00E94FF196FE376E083E99EE00E943C
:10770000AF1B4091AD025091AE02052E000C660BEE
:10771000770B83E99EE00E94791B6AE376E083E9B8
:107720009EE00E94AF1BB3CC60E080E00E94FF1996
:1077300065E476E083E99EE00E94AF1B4091B102D0
:107740005091B202E2CF60E080E00E94FF196BE44A
:1077500076E083E99EE00E94AF1B809076029090D5
:107760007702A0907802B0907902A5019401C5013A
:10777000B4010E943E4462E576E081111AC0240102
:107780003501E89477F82FEF3FEF4FE75FE7C3014C
:10779000B2010E943E44811113C02FEF3FEF4FE72B
:1077A0005FE7C301B2010E94AC4118164CF466E5D4
:1077B00076E083E99EE00E941E1B6EE576E0AFCF87
:1077C0002FEF3FEF4FE75FE4C501B4010E9439445A
:1077D00018161CF46AE576E0ECCF2FEF3FEF4FE789
:1077E0005FECC501B4010E94AC4187FDF3CF20E0FE
:1077F00030E0A901C501B4010E94AC4187FF0AC075
:1078000041E06DE283E99EE00E94D219B7FAB0949C
:10781000B7F8B0942AE037ED43EA5BE3C501B40161
:107820000E942C432B013C010E940A444B015C0145
:107830000E94B1419B01AC01C301B2010E942B43E4
:107840002B013C012AE0B501A40183E99EE00E94DE
:107850002D1B41E06EE283E99EE00E94D21920E0F8
:1078600030E040E251E4C301B2010E9412422B0118
:107870003C010E940A444B01B12CA12C2AE0B50125
:10788000A40183E99EE00E942D1BC501B4010E9462
:10789000B1419B01AC01C301B2010E942B4320E026
:1078A00030E040E251E40E9412420E940A44AB01DF
:1078B00070E060E02AE083E99EE00E942D1B7DCF0E
:1078C0008091BE079091BF076817790709F4B7C088
:1078D0007093BF076093BE078092AE079092AF0788
:1078E000A092B007B092B107F092AD0760919F02ED
:1078F0007091A0028091BC079091BD07681779072D
:1079000009F4C6C07093BD076093BC078092A907B5
:107910009092AA07A092AB07B092AC07F092A8078A
:1079200060918A0270918B0280918C0290918D02FD
:107930000091B8071091B9072091BA073091BB07A1
:10794000601771078207930709F4CBC06093B807EB
:107950007093B9078093BA079093BB078092A407EE
:107960009092A507A092A607B092A707F092A3074E
:107970006091B7028091B707681709F4E9C0609376
:10798000B70780929F079092A007A092A107B0929C
:10799000A207F0929E076091B5028091B607681722
:1079A00009F4F7C06093B60780929A0790929B07FC
:1079B000A0929C07B0929D07F09299076091A70250
:1079C0008091B507681709F405C16093B5078092E7
:1079D000950790929607A0929707B0929807F09219
:1079E00094076091AA028091B407681709F413C143
:1079F0006093B4078092900790929107A0929207AB
:107A0000B0929307F0928F076091AD027091AE0231
:107A10008091B2079091B3076817790709F41CC1E8
:107A20007093B3076093B20780928B0790928C0794
:107A3000A0928D07B0928E07F0928A076CCB80914E
:107A4000AD07882309F452CF8091AE079091AF071C
:107A5000A091B007B091B10724013501481A590A25
:107A60006A0A7B0AD301C20188399A43A105B1058C
:107A700008F43CCF77FF02C06D5F7F4F7595679527
:107A80007595679581E00E94A1171092AD072ECFE2
:107A90008091A807882309F443CF8091A90790918A
:107AA000AA07A091AB07B091AC0724013501481A91
:107AB000590A6A0A7B0AD301C20188399A43A1058F
:107AC000B10508F42DCF77FF02C06D5F7F4F75952C
:107AD00067957595679582E00E94A1171092A80797
:107AE0001FCF2091A307222309F442CF4090A4077F
:107AF0005090A5076090A6077090A707A501940174
:107B0000241935094609570928393A4341055105D1
:107B100008F42ECF6838B3E17B0781059105A0F00A
:107B20006115E8EE7E07E3E08E07910578F428EE14
:107B300033E040E050E00E94FA42622F83E00E946E
:107B4000A1171092A30714CF65E0F8CF6FEFF6CF1F
:107B500080919E07882309F41ECF80919F07909102
:107B6000A007A091A107B091A20724013501481AEE
:107B7000590A6A0A7B0AD301C20188399A43A105CE
:107B8000B10508F408CF80E00E94A11710929E076B
:107B900002CF80919907882309F410CF80919A072A
:107BA00090919B07A0919C07B0919D0724013501FE
:107BB000481A590A6A0A7B0AD301C20188399A43D2
:107BC000A105B10508F4FACE86E00E94A117109233
:107BD0009907F4CE80919407882309F402CF80910D
:107BE000950790919607A0919707B0919807240167
:107BF0003501481A590A6A0A7B0AD301C201883939
:107C00009A43A105B10508F4ECCE87E00E94A117C4
:107C100010929407E6CE80918F07882309F4F4CE62
:107C20008091900790919107A0919207B09193074E
:107C300024013501481A590A6A0A7B0AD301C20194
:107C400088399A43A105B10508F4DECE84E00E948C
:107C5000A11710928F07D8CE80918A07882309F444
:107C60005ACA80918B0790918C07A0918D07B09193
:107C70008E07881A990AAA0ABB0A38E983163AE3DA
:107C80009306A104B10408F446CA85E00E94A11736
:107C900010928A0740CA61E085E30E94C30361E055
:107CA00088CACE0101960E941920EA8DFB8D30977B
:107CB00029F0858110E006E0811103C01092BD0219
:107CC000F1CA8091C107181758F4109FB001112410
:107CD000655A714FCE0101960E942A061F5FF1CFAF
:107CE000CE0101960E94EC1BDDCA60E177E280E0E4
:107CF00090E002CCF092C60710927F0210927E02B2
:107D00008091720281110AC080918502811106C0A2
:107D100080919002811102C01092CB070E948308CB
:107D20000C947E328111A9C9F092B90288E0809347
:107D30009E0E60E083E99EE00E946E179EC9CF937D
:107D4000DF93CBE8DEE02697CE010E94E41B8EE0B5
:107D5000CB35D807C1F78091A80E9091A90E0E944B
:107D60002A458091A50E9091A60E97FD03C060E074
:107D70000E94F1038091E80E9091E90E0E942A453D
:107D80008091E50E9091E60E97FD03C060E00E94A1
:107D9000F10385EF9EE0DF91CF910C94E41BEF920D
:107DA0000F931F93CF93DF93E80134E047FD34E155
:107DB000042E000C550B57FF03C0519541955109F6
:107DC000E32E022F242FAE010E944B3FCE01DF9104
:107DD000CF911F910F91EF9008951F93FC01992768
:107DE0008827BC01E89411911032E9F3193010F0A2
:107DF0001E30C8F31B3251F01D3249F4689406C09E
:107E00000E94143F610F711D811D911D119110532E
:107E10001A30B0F33EF490958095709561957F4F40
:107E20008F4F9F4F1F910895592F482F372F262F7F
:107E3000660F771F881F991F660F771F881F991F6E
:107E4000620F731F841F951F660F771F881F991F6E
:107E50000895BB27FA01A62F6217710581059105C8
:107E6000330B30FB66F0AA27660F771F881F991F18
:107E7000AA1FA21710F0A21B63953850A9F7A05DA6
:107E8000AA3308F0A95DA19336F7B111B19310821E
:107E9000CA010C949C418F929F92AF92BF92CF9255
:107EA000DF92EF92FF920F931F93CF93DF9300D057
:107EB00000D000D0CDB7DEB76A01F22EB02E102F61
:107EC000FBE3AF2EA01608F41BE31F5F012F27E092
:107ED000AE014F5F5F4F0E94C440BC018981982F63
:107EE0009970913009F44EC09BE2E1FC04C09E2DD4
:107EF0009170E0FC49C05E2D5071E82FE87083FF5F
:107F000055C084E0911101C083E0EF2DE81B8F156F
:107F100008F0E0E0D6018E2F20E25523C9F1992325
:107F200029F0D6019C93C60101966C0196012D5F44
:107F30003F4FE2FE33C08EE4D6018C9391E411965C
:107F40009C93119712968C93D9018E2F90E28111F8
:107F50002AC0E20FF32FF11D10828EEF9FEF2996BA
:107F60000FB6F894DEBF0FBECDBFDF91CF911F914A
:107F70000F91FF90EF90DF90CF90BF90AF909F90C8
:107F80008F9008959DE2B7CF90E2B5CF2D938150A9
:107F90008111FCCFCE0ED11CE0E0C1CF8EE6D60120
:107FA0008C9391E6CCCF9D938150D1CF482F4470D4
:107FB00082FF3DC084E0911101C083E08F1510F471
:107FC000EF2DE81BD6018E2F20E2552309F19923CE
:107FD00029F0D6019C93C60101966C0196012D5F94
:107FE0003F4FE2FE1BC089E4D6018C938EE41196CC
:107FF0008C93119786E412968C93D9018E2F90E280
:10800000882309F4A6CF9D938150FACF2D938150F8
:108010008111FCCFCE0ED11CE0E0D9CF89E6D6018C
:108020008C938EE611968C93119786E6E4CF9B0194
:1080300077FF02C030E020E0A1E0B0E0911102C083
:10804000B0E0A0E0F9013196AE0FBF1F8B2C912C50
:10805000BB2009F461C05401EFEFAE1ABE0AAA0DAD
:10806000BB1DFA161B0619F014F04F2D4A1B5111B7
:1080700088C0E3FC59C07601A42FB0E2A1114FC023
:10808000C40ED11C992309F45BC040E0D6011196BF
:10809000F60190836D01552309F448C0012F060FA6
:1080A0009A81582F507184FF03C0913309F4015015
:1080B00010160CF047C0093008F008E0EEE2FE2E82
:1080C0005B01A01AB10885019194819491082F3F1A
:1080D000320729F4D601FC92F60131966F0162173E
:1080E000730794F1021713077CF5DB01A21BB30B96
:1080F000AA24A394B12CAC0EBD1EAA0DBB1D1196D3
:108100008C9121503109D601119628153905F4F0CA
:10811000F60180836D01DBCFB12CA12CA0CFF7013C
:10812000B1937F01A150AACF9111B0CFD601942F66
:1081300050E302C05D9391509111FCCFC40ED11C4D
:1081400040E0ACCF01E0BACF80E3DBCF621773072A
:1081500031F4963388F4953311F4552369F0F60120
:108160008083FD01842F90E2811108C0A40FB11D0E
:108170001C9290E080E0F3CE81E3F1CF91938150A7
:10818000F3CF911183CF8ACF283008F027E033272F
:10819000DA01990F311D87FD916000966105710527
:1081A00039F432602E5F3D9330E32A95E1F708956C
:1081B0009F3F30F080387105610509F03C5F3C5FFE
:1081C0003D93913008F08068911DDF93CF931F930A
:1081D0000F93FF92EF92192F987F9695E92F96951E
:1081E0009695E90FFF27E251FD4F99273327EE249B
:1081F000FF24A701E70105900894079428F4360F9F
:10820000E71EF81E491F511D660F771F881F991F13
:108210000694A1F70590079428F4E70EF81E491F6D
:10822000561FC11D770F881F991F661F0694A1F75F
:108230000590079428F4F80E491F561FC71FD11D3B
:10824000880F991F661F771F0694A1F70590079462
:1082500020F4490F561FC71FD81F990F661F771F9D
:10826000881F0694A9F784911095177041F0D69550
:10827000C79557954795F794E7941A95C1F7E4E9A0
:10828000F2E068941590159135916591959105905E
:108290007FE27395E118F10A430B560BC90BD00925
:1082A000C0F7E10CF11E431F561FC91FD01D7EF4FD
:1082B000703311F48A95E6CFE894015030F0080F3E
:1082C0000AF40027021708F4202F2395022F7A338F
:1082D00028F079E37D932A95E9F710C07D932A95DC
:1082E00089F6069497956795379517951794E11831
:1082F000F10A430B560BC90BD00998F023957E91D8
:1083000073957A3308F070E37C932013B8F77E916D
:1083100070617D9330F0839571E37D9370E32A95CE
:10832000E1F71124EF90FF900F911F91CF91DF9112
:10833000992787FD90950895DC01FC01672F7191C5
:108340007723E1F7329704C07C916D93708362913B
:10835000AE17BF07C8F308950E94EE4108F481E00C
:108360000895E89409C097FB3EF490958095709528
:1083700061957F4F8F4F9F4F9923A9F0F92F96E971
:10838000BB279395F695879577956795B795F111E6
:10839000F8CFFAF4BB0F11F460FF1BC06F5F7F4F83
:1083A0008F4F9F4F16C0882311F096E911C0772395
:1083B00021F09EE8872F762F05C0662371F096E89E
:1083C000862F70E060E02AF09A95660F771F881F6D
:1083D000DAF7880F9695879597F90895990F000811
:1083E000550FAA0BE0E8FEEF16161706E807F90787
:1083F000C0F012161306E407F50798F0621B730B22
:10840000840B950B39F40A2661F0232B242B252BA2
:1084100021F408950A2609F4A140A6958FEF811D45
:10842000811D08950E9425420C9496420E94884224
:1084300038F00E948F4220F0952311F00C947F4277
:108440000C94854211240C94CA420E94A74270F3F6
:10845000959FC1F3950F50E0551F629FF001729FE9
:10846000BB27F00DB11D639FAA27F00DB11DAA1FF8
:10847000649F6627B00DA11D661F829F2227B00D45
:10848000A11D621F739FB00DA11D621F839FA00DD0
:10849000611D221F749F3327A00D611D231F849F20
:1084A000600D211D822F762F6A2F11249F57504077
:1084B0009AF0F1F088234AF0EE0FFF1FBB1F661FF2
:1084C000771F881F91505040A9F79E3F510580F0BB
:1084D0000C947F420C94CA425F3FE4F3983ED4F37D
:1084E000869577956795B795F795E7959F5FC1F75F
:1084F000FE2B880F911D9695879597F9089597F90A
:108500009F6780E870E060E008959FEF80EC089539
:1085100000240A9416161706180609060895002462
:108520000A9412161306140605060895092E0394DC
:10853000000C11F4882352F0BB0F40F4BF2B11F450
:1085400060FF04C06F5F7F4F8F4F9F4F089557FDAF
:108550009058440F551F59F05F3F71F04795880FB1
:1085600097FB991F61F09F3F79F087950895121648
:1085700013061406551FF2CF4695F1DF08C01616F4
:1085800017061806991FF1CF8695710561050894A5
:108590000895E894BB2766277727CB0197F90895BC
:1085A000052E97FB1EF400940E94E74257FD07D06A
:1085B0000E94FA4207FC03D04EF40C94E742509517
:1085C0004095309521953F4F4F4F5F4F08959095BF
:1085D0008095709561957F4F8F4F9F4F08950E94B2
:1085E0001C43A59F900DB49F900DA49F800D911DDD
:1085F00011240895A1E21A2EAA1BBB1BFD010DC078
:10860000AA1FBB1FEE1FFF1FA217B307E407F50742
:1086100020F0A21BB30BE40BF50B661F771F881F1E
:10862000991F1A9469F760957095809590959B01B4
:10863000AC01BD01CF010895A29FB001B39FC0015D
:10864000A39F700D811D1124911DB29F700D811D7E
:108650001124911D08955058BB27AA270E94434317
:108660000C9496420E94884238F00E948F4220F07B
:1086700039F49F3F19F426F40C9485420EF4E095EA
:10868000E7FB0C947F42E92F0E94A74258F3BA17E8
:10869000620773078407950720F079F4A6F50C9418
:1086A000C9420EF4E0950B2EBA2FA02D0B01B90193
:1086B00090010C01CA01A0011124FF27591B99F058
:1086C000593F50F4503E68F11A16F040A22F232F64
:1086D000342F4427585FF3CF469537952795A795B4
:1086E000F0405395C9F77EF41F16BA0B620B730B5B
:1086F000840BBAF09150A1F0FF0FBB1F661F771FCC
:10870000881FC2F70EC0BA0F621F731F841F48F480
:10871000879577956795B795F7959E3F08F0B0CF09
:108720009395880F08F09927EE0F979587950895F0
:108730000E94AC430C9496420E948F4258F00E94D3
:10874000884240F029F45F3F29F00C947F42511198
:108750000C94CA420C9485420E94A74268F3992364
:10876000B1F3552391F3951B550BBB27AA2762172D
:108770007307840738F09F5F5F4F220F331F441F3A
:10878000AA1FA9F335D00E2E3AF0E0E832D091506E
:108790005040E695001CCAF72BD0FE2F29D0660F5B
:1087A000771F881FBB1F261737074807AB07B0E89E
:1087B00009F0BB0B802DBF01FF2793585F4F3AF0A4
:1087C0009E3F510578F00C947F420C94CA425F3F63
:1087D000E4F3983ED4F3869577956795B795F7952A
:1087E0009F5FC9F7880F911D9695879597F9089512
:1087F000E1E0660F771F881FBB1F621773078407AE
:10880000BA0720F0621B730B840BBA0BEE1F88F7BC
:10881000E09508950E94AF4288F09F5798F0B92FD5
:108820009927B751B0F0E1F0660F771F881F991FA5
:108830001AF0BA95C9F714C0B13091F00E94C9423C
:10884000B1E008950C94C942672F782F8827B85F4C
:1088500039F0B93FCCF3869577956795B395D9F7FD
:108860003EF490958095709561957F4F8F4F9F4F07
:1088700008950E94EE4108F48FEF08950E94EE41A2
:10888000880B990B0895991B79E004C0991F9617DE
:1088900008F0961B881F7A95C9F780950895AA1B42
:1088A000BB1B51E107C0AA1FBB1FA617B70710F0DB
:1088B000A61BB70B881F991F5A95A9F7809590950D
:1088C000BC01CD01089597FB072E16F4009407D044
:1088D00077FD09D00E944F4407FC05D03EF49095E7
:1088E00081959F4F0895709561957F4F0895EE0F84
:1088F000FF1F881F8BBF0790F691E02D19940E94EF
:108900001C43332312F48A1B9B0B0C9489440E9452
:108910001C43B7FF0895821B930B08950F931F9379
:10892000CF93DF938230910510F482E090E0E091E4
:10893000FD0EF091FE0E30E020E0B0E0A0E03097B8
:1089400099F42115310509F44AC0281B390B24304C
:108950003105D8F58A819B816115710589F1FB018B
:1089600093838283FE0111C0408151810281138172
:1089700048175907E0F04817590799F4109761F024
:1089800012960C93129713961C933296CF01DF9197
:10899000CF911F910F9108950093FD0E1093FE0E3D
:1089A000F4CF2115310551F04217530738F0A901D2
:1089B000DB019A01BD01DF01F801C1CFEF01F9CF61
:1089C0009093FE0E8093FD0ECDCFFE01E20FF31FBC
:1089D000819391932250310939832883D7CF2091F5
:1089E000FB0E3091FC0E232B41F42091CC023091F0
:1089F000CD023093FC0E2093FB0E2091CA023091E1
:108A0000CB022115310541F42DB73EB74091CE027E
:108A10005091CF02241B350BE091FB0EF091FC0E20
:108A2000E217F307A0F42E1B3F0B2817390778F045
:108A3000AC014E5F5F4F2417350748F04E0F5F1FA4
:108A40005093FC0E4093FB0E819391939FCFF0E0E7
:108A5000E0E09CCFCF93DF930097E9F0FC013297E1
:108A600013821282A091FD0EB091FE0EED0130E056
:108A700020E01097A1F420813181820F931F209173
:108A8000FB0E3091FC0E2817390709F061C0F093F6
:108A9000FC0EE093FB0EDF91CF910895EA01CE1713
:108AA000DF07E8F54A815B819E0141155105B1F769
:108AB000E901FB83EA8349915991C40FD51FEC1753
:108AC000FD0761F4808191810296840F951FE90171
:108AD00099838883828193819B838A83F0E0E0E09D
:108AE00012968D919C9113970097B9F52D913C9119
:108AF0001197CD010296820F931F2091FB0E3091AA
:108B0000FC0E2817390739F6309751F51092FE0EF2
:108B10001092FD0EB093FC0EA093FB0EBCCFD3833E
:108B2000C28340815181840F951FC817D90761F412
:108B30004E5F5F4F88819981480F591F5183408351
:108B40008A819B81938382832115310509F0B0CFFF
:108B5000F093FE0EE093FD0E9ECFFD01DC01C0CF31
:108B600013821282D7CF4F925F926F927F928F9231
:108B70009F92AF92BF92CF92DF92EF92FF920F93AC
:108B80001F93CF93DF938C01009799F4CB01DF9172
:108B9000CF911F910F91FF90EF90DF90CF90BF90FA
:108BA000AF909F908F907F906F905F904F900C94BC
:108BB0008E44FC01E60FF71F9C0122503109E21799
:108BC000F30708F4AEC0D901CD91DC911197C61717
:108BD000D70720F1C530D10578F0CE01049786176C
:108BE000970750F0C61BD70B2297C193D1936D9373
:108BF0007C93CF010E942A45C801DF91CF911F913C
:108C00000F91FF90EF90DF90CF90BF90AF909F902B
:108C10008F907F906F905F904F9008955B01AC1A9A
:108C2000BD0A4C018C0E9D1EA091FD0EB091FE0E52
:108C3000512C412CF12CE12C109731F58091FB0E39
:108C40009091FC0E8815990509F05CC046165706F0
:108C500008F058C08091CA029091CB02009741F46D
:108C60008DB79EB74091CE025091CF02841B950BD9
:108C7000E817F90708F055C0F093FC0EE093FB0EDF
:108C8000F90171836083B8CF8D919C9111971296F1
:108C90006C90129713967C901397A815B90559F507
:108CA0006C0142E0C40ED11CCA14DB0420F1AC01FB
:108CB0004A195B09DA011296159780F06282738275
:108CC00051834083D9016D937C93E114F10471F0D9
:108CD000D7011396FC93EE9312978ECF22968C0FAA
:108CE0009D1FF90191838083F301EFCFF093FE0E76
:108CF000E093FD0E81CF4816590608F42C017D0142
:108D0000D3019ACFCB010E948E447C01009749F099
:108D1000AE01B8010E94A146C8010E942A45870100
:108D20006BCF10E000E068CFFB01DC0104C08D9147
:108D30000190801921F441505040C8F7881B990BCD
:108D40000895FB01DC0102C001900D92415050409A
:108D5000D8F70895DC0101C06D9341505040E0F711
:108D60000895FC018191861721F08823D9F799276E
:108D700008953197CF010895FB01DC018D91019099
:108D800080190110D9F3990B0895FB01DC010190C2
:108D90000D920020E1F70895FB01DC0141505040A5
:108DA00048F001900D920020C9F701C01D9241507A
:108DB0005040E0F708950F931F93CF93DF93CDB703
:108DC000DEB72E970FB6F894DEBF0FBECDBF0E896B
:108DD0001F89888D998D26E02C831A83098397FF3C
:108DE00002C080E090E801979E838D83AE01445ECF
:108DF0005F4F6A8D7B8DCE0101960E9418474D8191
:108E00005E8157FD0AC02F813885421753070CF445
:108E10009A01020F131FF80110822E960FB6F894D4
:108E2000DEBF0FBECDBFDF91CF911F910F9108958F
:108E30002F923F924F925F926F927F928F929F926A
:108E4000AF92BF92CF92DF92EF92FF920F931F9358
:108E5000CF93DF9300D000D000D01F921F92CDB7E8
:108E6000DEB77C013B018A01FC01178216828381F7
:108E700081FFDDC1CE0101965C01F7019381F30111
:108E800093FD859193FF81913F01882309F453C19C
:108E9000853239F493FD859193FF81913F018532AD
:108EA00029F4B70190E00E943049E7CF912C212CA2
:108EB000312CFFE1F31538F08B3211F190F4803250
:108EC00009F1833229F137FC3CC020ED280F2A300C
:108ED00050F536FE20C08AE0989E200D1124922E77
:108EE00006C08D3291F0803371F7689430F8F30149
:108EF00093FD859193FF81913F018111DACF21C0CC
:108F0000689431F8689432F8F2CF689433F8EFCF70
:108F1000689434F8ECCFEAE02E9E200D1124222E26
:108F2000689435F8E4CF8E3229F436FC04C1689495
:108F300036F8DDCF8C3619F4689437F8D8CF8836F8
:108F4000B1F2982F9F7D95549330E0F08336A1F1D4
:108F50008337C1F1833509F063C02801F2E04F0E79
:108F6000511CF801C080D180692D70E036FC02C030
:108F70006FEF7FEFC6010E941A494C01689437F8E1
:108F800082010AC00C5F1F4FFFE3F983882483949A
:108F9000912C6501E89437F833FE2DC0522C8114D2
:108FA000910471F5552009F468CFB70180E290E093
:108FB0000E9430495A94F6CFF801808189830E5F70
:108FC0001F4FE4CF2801F2E04F0E511CF801C08082
:108FD000D180692D70E036FC02C06FEF7FEFC601D3
:108FE0000E9425494C018201D5CFB70180E290E073
:108FF0000E9430492A942814190409F0B0F7CECF02
:10900000F60137FC859137FE81916F01B70190E041
:109010000E94304951105A94F1E08F1A9108BFCF45
:10902000843619F0893609F077C0F80137FE6BC035
:1090300060817181828193810C5F1F4FF32DFF76D8
:109040003F2E97FF09C090958095709561957F4F51
:109050008F4F9F4F689437F82AE030E0A5010E94B7
:109060006049C82ECA188C2C432C36FE0CC0E894DC
:1090700040F8C91440F434FE05C032FC03C0F32D9F
:10908000FE7E4F2E892C44FEAAC0FE01EC0DF11D80
:109090008081803309F09CC0242D297E422E842DAE
:1090A0008870582E43FCAAC040FEA4C09C2C821499
:1090B00018F42C0C922C981844FEA6C0B70180E33B
:1090C00090E00E94304942FE09C088E790E041FEEE
:1090D00002C088E590E0B7010E943049C91408F445
:1090E0009FC0CA94D12C9FEFC91AD90ACA0CDB1CA5
:1090F000F60182916F01B70190E00E943049AC14F3
:10910000BD04B1F74FCF60817181072E000C880B31
:10911000990B0E5F1F4F92CFD32CE894D4F82AE01E
:1091200030E08537E1F1232D297FD22E8F36A9F14A
:10913000F0F4883551F1F701868197812B960FB6AF
:10914000F894DEBF0FBECDBFDF91CF911F910F917D
:10915000FF90EF90DF90CF90BF90AF909F908F9057
:109160007F906F905F904F903F902F900895803741
:1091700049F0883701F7D4FE02C06894D2F820E1A4
:1091800030E00DC06894D4F8F6CF34FE03C0822FCF
:109190008660D82E20E132E002C028E030E0F801FD
:1091A000D7FE0FC060817181828193810C5F1F4F58
:1091B000A5010E946049C82ECA183D2CE89437F8D2
:1091C00052CF6081718190E080E00E5F1F4FF0CF41
:1091D00042FC02C0839463CF8394839460CF842D38
:1091E000867809F45CCFF6CFB70180E290E00E9468
:1091F000304983948214C0F3512C5ECF522C5818FE
:10920000821408F459CFF8CF842D867809F466CFFC
:109210008BE241FE80E247FC8DE2B70190E05CCF3B
:10922000B70180E390E00E9430499A9457CF8FEFC6
:109230009FEF84CFFC010590615070400110D8F77A
:10924000809590958E0F9F1F0895FC01615070408E
:1092500001900110D8F7809590958E0F9F1F08956B
:109260000F931F93CF93DF93182F092FEB018B815F
:1092700081FD09C01FEF0FEF812F902FDF91CF915C
:109280001F910F91089582FF14C02E813F818C8120
:109290009D81281739073CF4E881F981CF010196B7
:1092A0009983888310838E819F8101969F838E830B
:1092B000E3CFE885F985812F1995892BA1F3DACFC2
:1092C000FA01AA27283051F1203181F1E8946F93F7
:1092D0006E7F6E5F7F4F8F4F9F4FAF4FB1E03ED09D
:1092E000B4E03CD0670F781F891F9A1FA11D680F3B
:1092F000791F8A1F911DA11D6A0F711D811D911D6E
:10930000A11D20D009F468943F912AE0269F1124E2
:109310003019305D3193DEF6CF010895462F477046
:10932000405D4193B3E00FD0C9F7F6CF462F4F70A1
:10933000405D4A3318F0495D31FD4052419302D0FF
:10934000A9F7EACFB4E0A6959795879577956795A5
:10935000BA95C9F700976105710508959B01AC01A5
:109360000A2E06945795479537952795BA95C9F7CC
:10937000620F731F841F951FA01D089512E0C7ED93
:10938000D2E000E006C0802FFE010E9477442196C3
:10939000011DC83DD10780E00807A9F7F894FFCF69
:1093A000FFFFFFFF290629062906290629062906A7
:1093B000290629060101010101C801014F0E430ED2
:1093C000370E2B0E1F0E130E070EFB0DEF0DE30DC8
:1093D000D70DCB0DBF0DB30DA70D9B0D8F0D830DBD
:1093E000770D6B0D5F0D530D470D3B0D2F0D230DAD
:1093F000170D0B0DFF0CF30CE70CDB0CCF0CC30CA3
:10940000B70CAB0C9F0C930C870C7B0C6F0C630C94
:1094100000000000000000000000000038410000D3
:109420000000010000000000000030750000010095
:1094300000000000000000010000000000F4012C0A
:10944000012C0100000000000000010000140000D9
:1094500000000000000000020000FFFFFF0000000D
:10946000010100000001000000000000FF0E80006C
:1094700000004000140054001600170018001900E6
:109480001A001B001C001D002E002F0000FF010011
:10949000010000FFFF0000010001FF00A506AA0671
:1094A000AF06B50600000000A312861276124D1218
:1094B0005612D813E2130000000011085C06A20641
:1094C00063085107B106430700000000EC115C0679
:1094D000E60F0614000000003F1712178217320330
:1094E0000B17F816E91600000000301A5C06821708
:1094F000061467657420002E76616C0061697861DE
:109500006D6C6F672E637376002C00446F6F722052
:109510006375727465737920656E61626C65640051
:109520004E455854494F4E00446F6F722063757218
:10953000746573792064697361626C656400447555
:109540007261746120636F727465736961202D3577
:10955000733A2000730044757261746120636F7206
:109560007465736961202B35733A20004F766572FC
:10957000726964652074656E73696F6E652041540D
:1095800054495641544F004F7665727269646520A4
:1095900074656E73696F6E65206469736174746954
:1095A0007661746F0074414F532E7478743D224F6E
:1095B0004E220074414F532E7478743D224F46461C
:1095C000220074696E2E7478743D22542E696E20C8
:1095D0003D2025642200746F75742E7478743D22CA
:1095E000542E6F7574203D202564220074736574B9
:1095F0002E7478743D22542E736574203D202564AA
:109600002200744C532E7478743D22256422007419
:109610004175746F4F636368692E7478743D224F8F
:1096200066662200744175746F4F636368692E74B7
:1096300078743D22436869617665220074417574CF
:109640006F4F636368692E7478743D224D6F746F39
:109650007265220074766F6C742E7478743D225695
:109660003D202573220074566F6C742E7478743DFF
:1096700022563D202573220074537461746F566F17
:109680006C742E7478743D226F76657272696465AD
:10969000220074537461746F566F6C742E747874F6
:1096A0003D226261747465726961204F4B220062D1
:1096B000300062310062330074414F5300746175B1
:1096C000746F00623200683000744175746F4F63CC
:1096D00063686900623400623500744C494300538A
:1096E000442070726F6E746100534420617373651F
:1096F0006E74652C20736F6C6F206C6F67207365C0
:109700007269616C65004155544F004D414E200017
:109710004F4E20004F4646000D0A00626B636D6499
:109720003D310070616765203000424F4F54004367
:109730006869617665204F4E0049474E004368696D
:10974000617665204F4646202D207370656E676FE9
:1097500020747574746920676C6920616363657334
:10976000736F726900506F72746965726120617005
:109770006572746100444F4F5200506F7274696596
:109780007261206368697573610050524F580048D8
:109790004947484245414D004175746F2073626CE2
:1097A0006F6363617461004C4F434B004175746F8C
:1097B000206368697573610053626C6F63636F2027
:1097C0007065722070726F7373696D6974C3A020C5
:1097D000424C4500496E743A20004320202000533B
:1097E00065743A20004573743A2000426174743AFB
:1097F00020006E616E00696E66006F76660056200E
:10980000004C7563693A2000506F733A0020416E36
:1098100061623A0049474E3A004C4F434B3A005080
:109820006963636F2062617373613A20005600427E
:109830004154540054656E73696F6E6520626173A4
:1098400073613A2000494E464F005741524E004541
:0E98500052524F5200435249544943414C007A
:020000040003F7
:10E000000D9489F10D94B2F10D94B2F10D94B2F129
:10E010000D94B2F10D94B2F10D94B2F10D94B2F1F0
:10E020000D94B2F10D94B2F10D94B2F10D94B2F1E0
:10E030000D94B2F10D94B2F10D94B2F10D94B2F1D0
:10E040000D94B2F10D94B2F10D94B2F10D94B2F1C0
:10E050000D94B2F10D94B2F10D94B2F10D94B2F1B0
:10E060000D94B2F10D94B2F10D94B2F10D94B2F1A0
:10E070000D94B2F10D94B2F10D94B2F10D94B2F190
:10E080000D94B2F10D94B2F10D94B2F10D94B2F180
:10E090000D94B2F10D94B2F10D94B2F10D94B2F170
:10E0A0000D94B2F10D94B2F10D94B2F10D94B2F160
:10E0B0000D94B2F10D94B2F10D94B2F10D94B2F150
:10E0C0000D94B2F10D94B2F10D94B2F10D94B2F140
:10E0D0000D94B2F10D94B2F10D94B2F10D94B2F130
:10E0E0000D94B2F141546D656761323536300041AF
:10E0F000726475696E6F206578706C6F72657220DE
:10E1000073746B3530305632206279204D4C530099
:10E11000426F6F746C6F616465723E004875683F52
:10E1200000436F6D70696C6564206F6E203D200048
:10E130004350552054797065202020203D20005FF9
:10E140005F4156525F415243485F5F3D2000415658
:10E1500052204C696243205665723D20004743437C
:10E160002056657273696F6E203D20004350552024
:10E1700049442020202020203D20004C6F7720663D
:10E18000757365202020203D20004869676820665F
:10E190007573652020203D200045787420667573D6
:10E1A00065202020203D20004C6F636B2066757336
:10E1B000652020203D20004D617220203720323024
:10E1C000313300312E362E3800342E332E350056A2
:10E1D00023202020414444522020206F7020636F70
:10E1E00064652020202020696E73747275637469E1
:10E1F0006F6E2061646472202020496E74657272B3
:10E20000757074006E6F20766563746F7200726A49
:10E210006D702020006A6D70200057686174207056
:10E220006F72743A00506F7274206E6F7420737541
:10E2300070706F72746564004D7573742062652030
:10E2400061206C6574746572002000577269747483
:10E25000696E672045450052656164696E672045B7
:10E26000450045452065727220636E743D00504F35
:10E27000525400303D5A65726F2061646472003FF1
:10E280003D43505520737461747300403D454550C3
:10E29000524F4D207465737400423D426C696E6B41
:10E2A000204C454400453D44756D70204545505215
:10E2B0004F4D00463D44756D7020464C415348001B
:10E2C000483D48656C70004C3D4C69737420492F83
:10E2D0004F20506F72747300513D51756974005234
:10E2E0003D44756D702052414D00563D73686F7707
:10E2F00020696E7465727275707420566563746FF0
:10E30000727300593D506F727420626C696E6B00BD
:10E310002A0011241FBECFEFD1E2DEBFCDBF01E046
:10E320000CBF12E0A0E0B2E0EEE1FDEF03E00BBFB6
:10E3300002C007900D92A030B107D9F712E0A0E01B
:10E34000B2E001C01D92AE30B107E1F70F9460F367
:10E350000D948DFE01E20EBF0FEF0DBF11241FBE05
:10E360000D9460F30D9400F020E030E040ED57E0B4
:10E3700005C0FA013197F1F72F5F3F4F2817390792
:10E38000C0F308959C01260F311DC901A0E0B0E043
:10E390002F5F3F4FABBFFC018791882361F08093D3
:10E3A000C6008091C00086FFFCCF8091C0008064D1
:10E3B0008093C000EACF08958DE08093C6008091DD
:10E3C000C00086FFFCCF8091C00080648093C000B5
:10E3D0008AE08093C6008091C00086FFFCCF8091C8
:10E3E000C00080648093C00008950F94C2F10F9420
:10E3F000DCF10895FC019081992359F09093C600B7
:10E400008091C00086FFFCCF8091C0008064809323
:10E41000C0003196992379F70895282F982F929567
:10E420009F70892F805D8A3308F0895F8093C600D2
:10E430008091C00086FFFCCF8091C00080648093F3
:10E44000C000822F8F70982F905D9A3308F0995FEB
:10E450009093C6008091C00086FFFCCF8091C000E1
:10E4600080648093C00008959C01FB01853691056E
:10E470001CF46330710594F0C90164E670E00F94F8
:10E480002EFE605D7F4F6093C6008091C00086FFC6
:10E49000FCCF8091C00080648093C0002B30310598
:10E4A00014F43297B4F0C90164E670E00F942EFEC4
:10E4B0006AE070E00F942EFE605D7F4F6093C600AF
:10E4C0008091C00086FFFCCF8091C0008064809363
:10E4D000C000C9016AE070E00F942EFEC0968093E0
:10E4E000C6008091C00086FFFCCF8091C000806490
:10E4F0008093C00008951F93182F8EE692EE60E07F
:10E500000F94C2F11093C6008091C00086FFFCCF2B
:10E510008091C00080648093C0000F94DCF11F9153
:10E5200008952F923F924F925F926F927F928F92B7
:10E530009F92AF92BF92CF92DF92EF92FF920F9392
:10E540001F93DF93CF93CDB7DEB762970FB6F894E2
:10E55000DEBF0FBECDBF382E622ECA01DB015C01CB
:10E560006D01772420E2222E2E010894411C511CBB
:10E570008BC081E0A81680E0B80681E0C80680E084
:10E58000D80628F0C601AA27BB270F940DF2BB2797
:10E59000AD2D9C2D8B2D0F940DF28A2D0F940DF225
:10E5A0002092C6008091C00086FFFCCF8091C00001
:10E5B00080648093C0009DE29093C6008091C0006B
:10E5C00086FFFCCF8091C00080648093C0002092C1
:10E5D000C6008091C00086FFFCCF8091C00080649F
:10E5E0008093C00019828601750188249924A1E0D6
:10E5F0003A1651F03A1620F0B2E03B1661F409C029
:10E600000BBFF701779007C0C7010F9477FE782EF4
:10E6100002C0F7017080872D0F940DF22092C60082
:10E620008091C00086FFFCCF8091C0008064809301
:10E63000C000872D8052F401EF70F0708F3520F408
:10E64000E40DF51D708204C0E40DF51D8EE280839B
:10E650000894E11CF11C011D111D0894811C911CE2
:10E6600090E18916910409F0C2CF80E190E0A0E02A
:10E67000B0E0A80EB91ECA1EDB1E198AC2010F9493
:10E68000FAF10F94DCF16A94662009F072CF629679
:10E690000FB6F894DEBF0FBECDBFCF91DF911F91B3
:10E6A0000F91FF90EF90DF90CF90BF90AF909F9031
:10E6B0008F907F906F905F904F903F902F90089534
:10E6C0002F923F924F925F926F927F928F929F9282
:10E6D000AF92BF92CF92DF92EF92FF920F931F9370
:10E6E000DF93CF93CDB7DEB7CD53D1400FB6F894BB
:10E6F000DEBF0FBECDBF01E20EBF0FEF0DBF94B75F
:10E70000F894A89514BE80916000886180936000A1
:10E7100010926000789493FF05C0E0910002F091A0
:10E7200001021995279A2F9A8091C00082608093E8
:10E73000C00080E18093C40088E18093C1000000A4
:10E74000EE24FF24870144E0A42EB12CCC24DD2448
:10E7500024C0C5010197F1F70894E11CF11C011DCB
:10E76000111D21E2E2162EE4F20620E0020720E06D
:10E77000120718F031E0C32ED12CC801B70127ECE5
:10E780003BE140E050E00F9441FE611571058105C9
:10E79000910519F485B1805885B98091C00087FD35
:10E7A00003C0C114D104A9F2A6014F5F5F4FC25E3E
:10E7B000DE4F59834883CE51D140C25EDE4F8881FF
:10E7C0009981CE51D140019711F00D9410FEC05D9A
:10E7D000DE4F19821882C053D14060E0C15DDE4F28
:10E7E0001882CF52D14088249924C35DDE4F19820C
:10E7F0001882CD52D140C05EDE4F188219821A8233
:10E800001B82C052D140CE5CDE4F188219821A8220
:10E810001B82C253D140EE24FF2487010BBFF701B6
:10E8200007911691C45CDE4F19830883CC53D14005
:10E830000D940BFEC25EDE4F28813981CE51D1404E
:10E840002130310509F52091C600C25EDE4F1982E4
:10E850001882CE51D14022C02F5F3F4F4F4F5F4FA4
:10E86000213082E138078AE7480780E0580780F0C6
:10E87000C45CDE4FE881F981CC53D140EF5FFF4F9C
:10E8800019F0EE27FF27099420E030E040E050E047
:10E890008091C00087FFE0CF2091C600C35DDE4FAE
:10E8A00048815981CD52D1404F5F5F4FC35DDE4FEC
:10E8B00059834883CD52D140213209F063C64A3092
:10E8C000510508F05FC60894811C911C53E0851621
:10E8D000910409F059C600E010E018C081E280936D
:10E8E000C6008091C00086FFFCCF8091C00080648C
:10E8F0008093C0002F5F3F4F2931310579F70F9486
:10E90000DCF10F5F1F4F0530110519F020E030E0FA
:10E91000E5CF10920A0210920B0210920C02109294
:10E920000D02109206021092070210920802109235
:10E930000902109202021092030210920402109235
:10E9400005028FEE90EE60E00F94F5F180E191EE1C
:10E9500060E00F94C2F18091C00087FFFCCF9091DE
:10E96000C600903608F09F759032B8F09093C600BC
:10E970008091C00086FFFCCF8091C00080648093AE
:10E98000C000A0E2A093C6008091C00086FFFCCF2B
:10E990008091C00080648093C000983409F4D7C18E
:10E9A0009934B8F4923409F459C1933458F490333B
:10E9B00019F1903308F4E3C59F33A1F1903409F0C5
:10E9C000DEC5BDC0953409F470C1963409F0D7C5D1
:10E9D00098C1923509F42BC2933538F49C3409F46C
:10E9E000F5C1913509F0CBC518C2963509F445C279
:10E9F000993509F0C4C567C483E792EE62E00F94CD
:10EA0000F5F110920602109207021092080210927D
:10EA1000090210920A0210920B0210920C0210923C
:10EA20000D0213C18FE792EE62E00F94F5F18FEEC5
:10EA300090EE60E00F94F5F181E291EE60E00F94CA
:10EA4000C2F187EB91EE60E00F94F5F180E391EE77
:10EA500060E00F94C2F184EE90EE60E00F94F5F167
:10EA60008FE391EE60E00F94C2F186E090E061E008
:10EA700070E00F9434F20F94DCF18DE591EE60E0DC
:10EA80000F94C2F189EC91EE60E00F94F5F18EE401
:10EA900091EE60E00F94C2F183EC91EE60E00F9490
:10EAA000F5F18CE691EE60E00F94C2F18EE10F94E7
:10EAB0000DF288E90F940DF281E00F940DF20F949E
:10EAC000DCF18BE791EE60E00F94C2F119E0E0E039
:10EAD000F0E010935700E4918E2F0F940DF20F94F5
:10EAE000DCF18AE891EE60E00F94C2F1E3E0F0E03F
:10EAF00010935700E4918E2F0F940DF20F94DCF1D8
:10EB000089E991EE60E00F94C2F1E2E0F0E0109349
:10EB10005700E4918E2F0F940DF20F94DCF188EAE8
:10EB200091EE60E00F94C2F1E1E0F0E01093570045
:10EB30001491812F0F940DF20F94DCF107CF8BE825
:10EB400092EE62E00F94F5F18BE492EE60E00F94A8
:10EB5000F5F10F94DCF100E010E019C0C8016F2D51
:10EB60000F947FFEFF2031F489E492EE60E00F9471
:10EB7000C2F10BC0F092C6008091C00086FFFCCFAE
:10EB80008091C00080648093C0000F5F1F4FC80158
:10EB900081519F41A0E0B0E0ABBFFC01F790BAE229
:10EBA000FB1621F0E2E000301E07C1F60F94DCF105
:10EBB0000F94DCF187E592EE60E00F94F5F10F948D
:10EBC000DCF1CC24DD2400E010E01EC0C8010F946D
:10EBD00077FEF82E882331F489E492EE60E00F94FA
:10EBE000C2F10BC08093C6008091C00086FFFCCFAD
:10EBF0008091C00080648093C000FE1419F00894D6
:10EC0000C11CD11C0F5F1F4FC80181519F41A0E063
:10EC1000B0E0ABBFFC01E790FAE2EF1621F022E092
:10EC20000030120799F60F94DCF10F94DCF182E6C4
:10EC300092EE60E00F94C2F1C60161E070E00F94C3
:10EC400034F20F94DCF10F94DCF110920202109276
:10EC50000302109204021092050278CE89E992EE26
:10EC600062E00F94F5F1279A2F9A16C02F9880E052
:10EC700090E0E0EDF7E03197F1F7019684369105E9
:10EC8000C1F72F9A80E090E0E0EDF7E03197F1F7DF
:10EC9000019684369105C1F78091C00087FFE6CFC9
:10ECA0008091C00087FFFCCF64C485EA92EE62E0E9
:10ECB0000F94F5F140910202509103026091040219
:10ECC0007091050281E020E10F9491F2809102029F
:10ECD00090910302A0910402B091050280509F4FD1
:10ECE000AF4FBF4F8093020290930302A0930402A0
:10ECF000B093050280509041A040B04008F426CE69
:10ED0000A4CF83EB92EE62E00F94F5F140910602FE
:10ED100050910702609108027091090280E020E1A1
:10ED20000F9491F28091060290910702A09108023F
:10ED3000B091090280509F4FAF4FBF4F80930602A2
:10ED400090930702A0930802B0930902FFCD80ECD4
:10ED500092EE62E00F94F5F183E792EE60E00F949B
:10ED6000F5F18FE792EE60E00F94F5F18BE892EE0B
:10ED700060E00F94F5F189E992EE60E00F94F5F10F
:10ED800085EA92EE60E00F94F5F183EB92EE60E09D
:10ED90000F94F5F180EC92EE60E00F94F5F187ECC2
:10EDA00092EE60E00F94F5F188ED92EE60E00F9442
:10EDB000F5F18FED92EE60E00F94F5F18AEE92EEB0
:10EDC00060E00F94F5F183E093EEBDCD87EC92EE19
:10EDD00062E00F94F5F181E40F947BF282E40F94EA
:10EDE0007BF283E40F947BF284E40F947BF285E45E
:10EDF0000F947BF286E40F947BF287E40F947BF20E
:10EE000088E40F947BF28AE40F947BF28BE40F94F6
:10EE10007BF28CE40F947BF299CD88ED92EE62E068
:10EE20000F94F5F1772473948824992409C48FED05
:10EE300092EE62E00F94F5F140910A0250910B02BC
:10EE400060910C0270910D0282E020E10F9491F22A
:10EE500080910A0290910B02A0910C02B0910D02D8
:10EE600080509F4FAF4FBF4F80930A0290930B0289
:10EE7000A0930C02B0930D0269CD8AEE92EE62E08F
:10EE80000F94F5F184EE90EE60E00F94F5F18FECC5
:10EE900091EE60E00F94F5F1662477244301CC5D98
:10EEA000DE4F19821882C452D140D401C301B695F5
:10EEB000A79597958795CA5DDE4F88839983AA8326
:10EEC000BB83C652D140CC5DDE4FA881B981C4520C
:10EED000D1401196CC5DDE4FB983A883C452D14096
:10EEE000CD0162E070E00F9434F2B0E2B093C6005E
:10EEF0008091C00086FFFCCF8091C0008064809329
:10EF0000C000EDE2E093C6008091C00086FFFCCF18
:10EF10008091C00080648093C000F0E2F093C6004E
:10EF20008091C00086FFFCCF8091C00080648093F8
:10EF3000C000CA5DDE4FE880F9800A811B81C6529D
:10EF4000D140BB27A12F902F8F2D0F940DF2CA5DBA
:10EF5000DE4F8881C652D1400F940DF2B0E2FB2EF5
:10EF6000F092C6008091C00086FFFCCF8091C00067
:10EF700080648093C0000DE30093C6008091C000C0
:10EF800086FFFCCF8091C00080648093C00010E2B7
:10EF90001093C6008091C00086FFFCCF8091C00016
:10EFA00080648093C0008BBEF3012791C65DDE4F65
:10EFB0002883CA52D140A22EBB24CC24DD2408943D
:10EFC000611C711C811C911C8BBEF3018791282E42
:10EFD0003324442455240894611C711C811C911C09
:10EFE0008BBEF3013791C55DDE4F3883CB52D140E4
:10EFF0000894611C711C811C911C8BBEF30147910C
:10F00000C45DDE4F4883CC52D140ADEFEA2EAFEF66
:10F01000FA2EAFEF0A2FAFEF1A2F6E0C7F1C801E57
:10F02000911E142D032DF22CEE24EA0CFB1C0C1D5A
:10F030001D1D0F940DF220E22093C6008091C000A8
:10F0400086FFFCCF8091C00080648093C000C65DC5
:10F05000DE4F8881CA52D1400F940DF230E23093D6
:10F06000C6008091C00086FFFCCF8091C000806404
:10F070008093C000C45DDE4F8881CC52D1400F9494
:10F080000DF240E24093C6008091C00086FFFCCFA5
:10F090008091C00080648093C000C55DDE4F888190
:10F0A000CB52D1400F940DF250E25093C6008091A4
:10F0B000C00086FFFCCF8091C00080648093C000B8
:10F0C0008FEFE8168FEFF80680E0080780E018075A
:10F0D00031F484E092EE60E00F94C2F1DFC0D80119
:10F0E000C7018070907CA070B0708050904CA040A0
:10F0F000B040D1F52FEF3FE340E050E0E222F322B1
:10F1000004231523CA5DDE4FA880B980CA80DB8046
:10F11000C652D140AE0CBF1CC01ED11EAA0CBB1CD7
:10F12000CC1CDD1C8EE092EE60E00F94C2F1BB2798
:10F13000A12F902F8F2D0F940DF28E2D0F940DF285
:10F1400030E23093C6008091C00086FFFCCF8091F2
:10F15000C00080648093C0004EE34093C60080915D
:10F16000C00086FFFCCF87C08EE09EEFA0E0B0E03D
:10F17000E822F9220A231B239CE0E91694E9F90608
:10F1800090E0090790E0190709F088C0C45DDE4FE0
:10F19000A881CC52D140EA2EFF2400E010E0102FCD
:10F1A0000F2DFE2CEE24C55DDE4FB881CB52D14031
:10F1B000EB0EF11C011D111DD601C501817090706F
:10F1C000A070B070DC0199278827E80EF91E0A1F8D
:10F1D0001B1F20EF30E040E050E0A222B322C42207
:10F1E000D52241E1AA0CBB1CCC1CDD1C4A95D1F7F1
:10F1F000EA0CFB1C0C1D1D1D81E090E0A0E0B0E0BE
:10F20000282239224A225B2235E1220C331C441C7D
:10F21000551C3A95D1F7E20CF31C041D151D57013E
:10F220006801AA0CBB1CCC1CDD1C85E192EE60E0E1
:10F230000F94C2F1C801AA27BB270F940DF2BB2778
:10F24000A12F902F8F2D0F940DF28E2D0F940DF274
:10F2500090E29093C6008091C00086FFFCCF809121
:10F26000C00080648093C000AEE3A093C60080918C
:10F27000C00086FFFCCF8091C00080648093C000F6
:10F28000C601AA27BB270F940DF2BB27AD2D9C2DDD
:10F290008B2D0F940DF28A2D0F940DF20F94DCF14B
:10F2A000CC5DDE4FE881F981C452D140F99709F471
:10F2B0004DCBF4E0EF2EF12C012D112D6E0C7F1CA7
:10F2C000801E911EF2CD83E093EE62E00F94F5F183
:10F2D0008AE192EE60E00F94C2F18091C00087FF56
:10F2E000FCCF1091C6001F751093C6008091C0001E
:10F2F00086FFFCCF8091C00080648093C0000F9493
:10F30000DCF1812F81548A3108F036C1163409F4BA
:10F3100095C0173490F4133409F44EC0143430F40B
:10F320001134F1F0123409F01DC130C0143409F465
:10F3300059C0153409F016C16BC01A3409F4C4C0A1
:10F340001B3438F4173409F48FC0183409F00AC19B
:10F35000A1C01B3409F4D2C01C3409F003C1E8C0B9
:10F360008FEF81B90DC082B1809582B980E090E0C5
:10F37000E0EDF7E03197F1F70196883C9105C1F790
:10F380008091C00087FFEFCF12B8EFC08FEF84B934
:10F390000DC085B1809585B980E090E0E0EDF7E0A3
:10F3A0003197F1F70196883C9105C1F78091C00033
:10F3B00087FFEFCF15B8D9C08FEF87B90DC088B1DF
:10F3C000809588B980E090E0E0EDF7E03197F1F7C3
:10F3D0000196883C9105C1F78091C00087FFEFCF6F
:10F3E00018B8C3C08FEF8AB90DC08BB180958BB9A7
:10F3F00080E090E0E0EDF7E03197F1F70196883C8E
:10F400009105C1F78091C00087FFEFCF1BB8ADC059
:10F410008FEF8DB90DC08EB180958EB980E090E0F0
:10F42000E0EDF7E03197F1F70196883C9105C1F7DF
:10F430008091C00087FFEFCF1EB897C08FEF80BBD1
:10F440000DC081B3809581BB80E090E0E0EDF7E0F6
:10F450003197F1F70196883C9105C1F78091C00082
:10F4600087FFEFCF11BA81C08FEF83BB0DC084B38C
:10F47000809584BB80E090E0E0EDF7E03197F1F714
:10F480000196883C9105C1F78091C00087FFEFCFBE
:10F4900014BA6BC08FEF809301010FC080910201FD
:10F4A00080958093020180E090E0E0EDF7E03197F5
:10F4B000F1F70196883C9105C1F78091C00087FF64
:10F4C000EDCF1092020151C08FEF809304010FC065
:10F4D0008091050180958093050180E090E0E0ED4A
:10F4E000F7E03197F1F70196883C9105C1F78091DB
:10F4F000C00087FFEDCF1092050137C08FEF8093DA
:10F5000007010FC08091080180958093080180E079
:10F5100090E0E0EDF7E03197F1F70196883C910536
:10F52000C1F78091C00087FFEDCF109208011DC088
:10F530008FEF80930A010FC080910B01809580931B
:10F540000B0180E090E0E0EDF7E03197F1F70196F4
:10F55000883C9105C1F78091C00087FFEDCF1092E4
:10F560000B0103C085E292EEEEC98091C00087FFD7
:10F57000FCCF8091C600EAC988E392EEE4C98CE131
:10F5800091EEE1C988249924933011F1943028F444
:10F59000913089F09230B8F408C0953061F195301F
:10F5A000F0F0963009F048C043C02B3109F042C951
:10F5B00091E06BE13FC96227C15DDE4F2883CF52E6
:10F5C000D14092E037C9B22FA0E0622793E032C960
:10F5D000822F90E0A82BB92B622794E02BC92E3004
:10F5E00009F039C3622795E0C05DDE4F19821882A9
:10F5F000C053D1401FC9E1E0F0E0EC0FFD1FC05D3A
:10F60000DE4F08811981C053D140E00FF11F2083E4
:10F610000F5F1F4FC05DDE4F19830883C053D14079
:10F6200062270A171B0709F005C9D80196E002C92D
:10F63000261709F010C303C0973009F0FBC87724E0
:10F640009981933109F412C19431C8F4963009F4C8
:10F65000D8C0973050F4923009F406C1933009F4C1
:10F660006DC0913009F059C253C0913109F477C08F
:10F67000923108F0BBC0903109F04FC2F5C098310B
:10F6800009F487C0993150F4953109F4EFC09531F0
:10F6900008F4C6C1963109F040C2C2C19A3109F4DA
:10F6A0006CC09A3108F491C09B3109F45BC09D3164
:10F6B00009F033C29D81903359F48F81882311F46E
:10F6C0009EE11CC0813011F091E018C098E916C08D
:10F6D000892F807591F0903539F4E0E0F0E089E011
:10F6E0008093570094910AC0983539F4E3E0F0E034
:10F6F00089E080935700949101C090E01A821B82A8
:10F700008D818C831D829E831F8227E030E009C299
:10F710001A8288E08B8381E48C8386E58D8382E581
:10F720008E8389E48F8383E5888780E589878FE5E9
:10F730008A8782E38B872BE030E0F3C18A818139AD
:10F7400041F0823941F0803911F48FE005C080E04A
:10F7500003C082E001C08AE01A828B8344C0772410
:10F76000739482C08D81882311F48EE12CC0813086
:10F7700011F081E028C088E926C01A82E1E0F0E0BB
:10F7800089E08093570084918B831C8224E030E0D1
:10F79000C8C18B81803589F48C81883039F4E2E0EE
:10F7A000F0E089E08093570084910DC0E0E0F0E044
:10F7B00089E080935700849106C0E3E0F0E089E09F
:10F7C0008093570084911A82DFCF8D81836C99E0FA
:10F7D000E1E0F0E0082E90935700E89507B600FCB2
:10F7E000FDCF1A821B8223E030E09BC180EC8A832C
:10F7F000CE5CDE4F188219821A821B82C253D1401E
:10F800008EC18A8190E0A0E0B0E0582F44273327D2
:10F8100022278B8190E0A0E0B0E0DC0199278827C7
:10F82000282B392B4A2B5B2B8D8190E0A0E0B0E098
:10F83000282B392B4A2B5B2B8C8190E0A0E0B0E089
:10F84000BA2FA92F982F8827282B392B4A2B5B2BCF
:10F85000220F331F441F551FC05EDE4F288339839C
:10F860004A835B83C052D1401A8259C13A81C95C34
:10F87000DE4F3883C753D140CA5CDE4F1882C6536F
:10F88000D1408B81C82EDD24CA5CDE4F488159816E
:10F89000C653D140C42AD52A933109F082C0CE5C28
:10F8A000DE4F88819981AA81BB81C253D1408050AB
:10F8B000904CA340B04030F583E0CE5CDE4FE88052
:10F8C000F9800A811B81C253D140F70100935B008C
:10F8D00080935700E89507B600FCFDCFCE5CDE4F65
:10F8E000088119812A813B81C253D14000501F4FAA
:10F8F0002F4F3F4FCE5CDE4F088319832A833B8313
:10F90000C253D140C05EDE4F488159816A817B81FC
:10F91000C052D140DE011B9631E08C9111962C91A2
:10F9200011971296C75CDE4F2883C953D140C85C3B
:10F93000DE4F1882C853D14090E0C85CDE4FE881AA
:10F94000F981C853D1408E2B9F2B0C01FA01609393
:10F950005B0030935700E89511244E5F5F4F6F4F67
:10F960007F4F0EEFE02E0FEFF02ECE0CDF1CC114F8
:10F97000D10499F685E0C05EDE4F088119812A81A5
:10F980003B81C052D140F80120935B008093570027
:10F99000E89507B600FCFDCF81E180935700E8951C
:10F9A00035C0C05EDE4F88819981AA81BB81C0527B
:10F9B000D140B695A795979587957C018601ABE0D8
:10F9C000AA2EB12CAC0EBD1E0BC0D5016D915D01F0
:10F9D000C7010F947FFE0894E11CF11C01501040F8
:10F9E0000115110591F7A60160E070E0440F551F65
:10F9F000661F771FC05EDE4FE880F9800A811B8199
:10FA0000C052D1404E0D5F1D601F711F1A82C05E33
:10FA1000DE4F488359836A837B83C052D1407FC0C5
:10FA2000FA80C55CDE4FF882CB53D140C65CDE4F16
:10FA30001882CA53D1408B81C82EDD24C65CDE4FAC
:10FA400008811981CA53D140C02AD12A1A828981DA
:10FA5000BE016D5F7F4F843121F59601C05EDE4FA0
:10FA6000E880F9800A811B81C052D1400BBFF701A9
:10FA700087919691DB018C9311969C936E5F7F4FDB
:10FA8000D801C7010296A11DB11DC05EDE4F88835B
:10FA90009983AA83BB83C052D14022503040F1F6F3
:10FAA00036C0C05EDE4F288139814A815B81C052F9
:10FAB000D1400894C108D108760100E010E0089414
:10FAC000C11CD11C0894E11CF11C011D111DE20E8A
:10FAD000F31E041F151F21BDBB27A52F942F832FB5
:10FAE00082BD2F5F3F4F4F4F5F4FF89A80B5DB01CC
:10FAF0008D93BD012E153F054007510761F7C05E8C
:10FB0000DE4F288339834A835B83C052D1409601FC
:10FB10002D5F3F4FFB01108204C080EC8A8322E0FE
:10FB200030E08BE18093C6008091C00086FFFCCF5F
:10FB30008091C00080648093C000C15DDE4FF88179
:10FB4000CF52D140F093C6008091C00086FFFCCF19
:10FB50008091C00080648093C000432F3093C60022
:10FB60008091C00086FFFCCF8091C00080648093AC
:10FB7000C000922F2093C6008091C00086FFFCCF6A
:10FB80008091C00080648093C0008EE08093C600A6
:10FB90008091C00086FFFCCF8091C000806480937C
:10FBA000C00065E1C15DDE4FE880CF52D1406E25D7
:10FBB00069276427FE01319610C090819093C6009A
:10FBC0008091C00086FFFCCF31968091C000806498
:10FBD0008093C0006927215030402115310569F715
:10FBE0006093C6008091C00086FFFCCF8091C0006A
:10FBF00080648093C00085B1805885B9772081F4F6
:10FC0000C15DDE4F0881CF52D1400F5FC15DDE4F35
:10FC10000883CF52D14090E0A0E0B0E00D941AF4F8
:10FC200027982F9880E090E020ED37E0F901319798
:10FC3000F1F7019684369105C9F700008091C00064
:10FC40008D7F8093C00081E180935700E895EE2777
:10FC5000FF270994FFCF90E00D941AF497FB092E2B
:10FC600007260AD077FD04D02ED006D000201AF443
:10FC7000709561957F4F0895F6F7909581959F4F08
:10FC80000895A1E21A2EAA1BBB1BFD010DC0AA1FDD
:10FC9000BB1FEE1FFF1FA217B307E407F50720F0F5
:10FCA000A21BB30BE40BF50B661F771F881F991F70
:10FCB0001A9469F760957095809590959B01AC01B9
:10FCC000BD01CF010895AA1BBB1B51E107C0AA1FAC
:10FCD000BB1FA617B70710F0A61BB70B881F991FED
:10FCE0005A95A9F780959095BC01CD010895F99991
:10FCF000FECF92BD81BDF89A992780B50895262F31
:10FD0000F999FECF1FBA92BD81BD20BD0FB6F89400
:0EFD1000FA9AF99A0FBE01960895F894FFCF63
:00000001FF
