:020000040000FA
:100000000C94D8020C9474240C9449240C941E244F
:100010000C94F3230C94C8230C949D230C9472230A
:100020000C9447230C949B250C949B250C949B25A6
:100030000C94C9260C9409030C9409030C9409032D
:100040000C9409030C9409030C9409030C94090300
:100050000C9409030C9409030C9409030C94FD22DD
:100060000C9409030C9471250C9447250C940903F6
:100070000C9409030C9409030C9409030C940903D0
:100080000C9409030C9409030C9409030C940903C0
:100090000C9409030C9409030C9409030C94A525F2
:1000A0000C9409030C9409030C9409030C940903A0
:1000B0000C9409030C9409030C9409030C94090390
:1000C0000C9409030C9409030C9409030C941D254A
:1000D0000C94F3240C9409030C94C9240C949F24CD
:1000E0000C9409030C94FF040C94201D0C9422160C
:1000F0000C94E60F0C94B4040C9479200C94F9053C
:100100000C948F050C94AA040C9411080C9492037F
:100110000C945B030C94D5050C9429060C9488036D
:100120000C9435270C9490040C9496050C940E06B0
:100130000C9456120C9451030C947A030C94F915F8
:100140000C940A180C94D8130C9423060C94BB0539
:100150000C943E1D0C9443070C949A050C946D046A
:100160000C94A8050C944D120C94BE040C94A0049D
:100170000C94C0050C9491030C94B1060C94C91C0A
:100180000C948C030C9484030C949F200C94A31265
:100190000C949D050C9408160C9482050C949603FF
:1001A0000C9485050C94D7040C94EB050C9405185D
:1001B0000C9451070C940E180C9486120C94021D8A
:1001C0000C94DC050C9432030C9498040C942406D3
:1001D0000C947C040C94E1040C94AC050C947221F6
:1001E0000C94C6050C94CF050C947E030C94AA17AE
:1001F0000C9470030C9488050C94CD040C9413405B
:100200000C944F160C9486040C94E41C0C94760306
:100210000C946C030C940B210C9476120C945C06D9
:100220000C9463030C9465040C941B160C94E00569
:100230000C9466030C9406140C945F030C94D9057B
:100240000C947E050C94EB040C94B7050C94CA0531
:100250000C94F5040C94EF050C94F2050C94A10594
:100260000C9454200C94A2060C9463080C94EC118A
:100270000C94B1050C9472040C94F6050C94A4052E
:100280000C9465170C9457030C94F3190C942506E1
:100290000C94E21300407A10F35A00A0724E180931
:1002A0000010A5D4E80000E87648170000E40B54DD
:1002B000020000CA9A3B000000E1F50500008096AC
:1002C0009800000040420F000000A08601000000DE
:1002D000102700000000E803000000006400000098
:1002E00000000A00000000000100000000002C7661
:1002F000D888DC674F0823DFC1DFAE59E1B1B7967C
:10030000E5E3E453C63AE651997696E8E6C28426D8
:10031000EB898C9B62ED407C6FFCEFBC9C9F40F2B4
:10032000BAA56FA5F490055A2AF75C936B6CF96730
:100330006DC11BFCE0E40D47FEF520E6B500D0EDF5
:10034000902E0300943577050080841E080000205D
:100350004E0A000000C80C333333330F986E1283FB
:100360001141EF8D2114893BE65516CFFEE6DB18CF
:10037000D1844B381BF77C1D901DA4BBE424203294
:1003800084725E228100C9F124ECA1E53D277461ED
:1003900075746F2E7478743D224D616E75616C6555
:1003A0002200746175746F2E7478743D22417574E7
:1003B0006F6D617469636F22007C3C3E5E2B3D3F34
:1003C0002F5B5D3B2C2A225C005344206E6F6E2015
:1003D00074726F766174613A206C6F6720736F6C12
:1003E0006F2073752073657269616C6500302C49EC
:1003F0004E464F2C424F4F542C617676696F2073D6
:10040000697374656D61202874696D657374616DBD
:10041000702072656C617469766F20616C6C276105
:100420006363656E73696F6E652C206E6F20525426
:1004300043290A00745F6D732C6C6576656C2C74AF
:1004400061672C6D6573736167650A004169786146
:100450006D20636F6E74726F6C6C657220763220E3
:1004600070726F6E746F00436F6E746174746F207E
:1004700065787472612063656E7472616C696E6117
:1004800020617474697661746F204000000021005F
:10049000240027002A002D00300033000101000055
:1004A000040107010A0100002000230026002900A2
:1004B0002C002F0032000001000003010601090199
:1004C00000000A0B02090C0D0E08070304010000CE
:1004D000000000000000000000000000000000001C
:1004E00000000000000000000000000012111000D9
:1004F00000000000000000000000000000000000FC
:100500000000000000000102102020080810204018
:1005100010204080020102010804020101020408C7
:100520001020408080402010080402018004020155
:10053000804020100804020108040201010204089E
:10054000102040800102040810204080000022009A
:10055000250028002B002E0031003400020100008D
:10056000050108010B010505050507050808080830
:10057000020202020A0A080804040404010101013B
:100580000101010103030303030303030407070736
:100590000C0C0C0C0C0C0C0C0202020206060606DB
:1005A000060606060B0B0B0B0B0B0B0B352713402C
:1005B00011241FBECFEFD1E2DEBFCDBF00E00CBFE4
:1005C00018E0A0E0B2E0EEEFF6E900E00BBF02C0F9
:1005D00007900D92AE3AB107D9F720E1AEEAB8E044
:1005E00001C01D92AF3EB207E1F712E0C7EDD2E0C5
:1005F00000E006C021970109802FFE010E942646D7
:10060000C63DD10780E00807A9F70E94C42C0C94CE
:100610006D4B0C940000FC01A089B18982E08C93A1
:10062000A485B5851C92A685B7858FEC8C93108E1A
:10063000A489B58986E08C93A289B3898C91806165
:100640008C93A289B3898C9188608C93A289B38999
:100650008C9180688C930288F389E02D80818F7D56
:100660008083089508958150823108F05AC0E82FA0
:10067000F0E08827E15CFC4F8F4F0C9426465F0327
:100680006303510357035B03910366036C03700319
:1006900076037A037E038403880391038C03920319
:1006A0009603809180008F778093800008958091D9
:1006B00080008F7DF9CF80918000877FF5CF84B552
:1006C0008F7784BD089584B58F7DFBCF8091B00076
:1006D0008F778093B00008958091B0008F7DF9CF1F
:1006E000809190008F778093900008958091900082
:1006F0008F7DF9CF80919000877FF5CF8091A0000A
:100700008F778093A00008958091A0008F7DF9CF0E
:100710008091A000877FF5CF809120018F77809313
:1007200020010895809120018F7DF9CF80912001D3
:10073000877FF5CFCF93DF93282F30E0F901E05486
:10074000FB4F8491F901EA5FFA4FD491F901EA591C
:10075000FA4FC491CC23A1F081110E943303EC2FF6
:10076000F0E0EE0FFF1FEA55FB4FA591B491EC911D
:10077000ED2381E090E009F480E0DF91CF910895CE
:1007800080E090E0FACF1F93CF93DF93282F30E0E3
:10079000F901E054FB4F8491F901EA5FFA4FD491DB
:1007A000F901EA59FA4FC491CC23A9F0162F81110F
:1007B0000E943303EC2FF0E0EE0FFF1FE45BFA4FD3
:1007C000A591B4918FB7F894EC91111108C0D09510
:1007D000DE23DC938FBFDF91CF911F910895DE2B35
:1007E000F8CFCF93DF9390E0FC01EA5FFA4F2491BA
:1007F0008A599A4FFC0184918823C9F090E0880FB0
:10080000991FFC01E457FB4FA591B491FC01E45BF7
:10081000FA4FC591D49161110DC09FB7F8948C9196
:10082000209582238C938881282328839FBFDF9182
:10083000CF910895623051F49FB7F8943C91822F84
:10084000809583238C93E8812E2BEFCF8FB7F8947C
:10085000EC912E2B2C938FBFEACF1F93CF93DF9376
:10086000182FEB0161E00E94F103209739F460E05A
:10087000812FDF91CF911F910C94C303CF3FD105FE
:1008800011F461E0F5CFE12FF0E0E054FB4FE4918B
:10089000E150E23108F0B3C0F0E08827ED5AFB4F99
:1008A0008F4F0C94264665046D0472047C04860404
:1008B000FF0490049804A004AA04B404BE04CD0468
:1008C000D704FF04E104EB04F50484B5806884BD1B
:1008D000C7BDDF91CF911F91089584B5806284BD1B
:1008E000C8BDF7CF80918000806880938000D0934E
:1008F0008900C0938800EDCF809180008062809352
:100900008000D0938B00C0938A00E3CF8091800059
:10091000886080938000D0938D00C0938C00D9CFE5
:100920008091B00080688093B000C093B300D1CFB5
:100930008091B00080628093B000C093B400C9CFB2
:1009400080919000806880939000D0939900C0932C
:100950009800BFCF80919000806280939000D093E8
:100960009B00C0939A00B5CF8091900088608093DF
:100970009000D0939D00C0939C00ABCF8091A000CD
:1009800080688093A0008091A0008F7B8093A0005E
:10099000D093A900C093A8009CCF8091A000806252
:1009A0008093A000D093AB00C093AA0092CF809117
:1009B000A00088608093A000D093AD00C093AC00ED
:1009C00088CF80912001806880932001D0932901F5
:1009D000C09328017ECF8091200180628093200106
:1009E000D0932B01C0932A0174CF8091200188609D
:1009F00080932001D0932D01C0932C016ACFC03881
:100A0000D1050CF03ECF33CF90917B00977F909330
:100A10007B008653806480937C0080917A008064A0
:100A200080937A0080917A0086FDFCCF80917800D7
:100A30009091790008953FB7F8948091150A9091AC
:100A4000160AA091170AB091180A26B5A89B05C0EE
:100A50002F3F19F00196A11DB11D3FBFBA2FA92F3D
:100A6000982F8827BC01CD01620F711D811D911D3A
:100A700042E0660F771F881F991F4A95D1F70895A6
:100A80008F929F92AF92BF92CF92DF92EF92FF929E
:100A90004B015C010E941B056B017C010E941B0540
:100AA0006C197D098E099F09683E73408105910587
:100AB000A8F321E0821A9108A108B10888EEC80EB7
:100AC00083E0D81EE11CF11C81149104A104B1043F
:100AD00029F7FF90EF90DF90CF90BF90AF909F905D
:100AE0008F9008952FB7F8946091110A7091120AAF
:100AF0008091130A9091140A2FBF089581E080938A
:100B0000B30208951092B30208951092B7020895A7
:100B1000E5EBF2E0808191E0892780830895E2E7A8
:100B2000F2E080AD91E0892780AF089581E0809365
:100B3000C60208951092C602089581E08093B6021D
:100B400008951092B602089581E08093B702089547
:100B500081E08093C00208951092C0021092980222
:100B600008951092C00281E080939802089581E078
:100B70008093C10208951092C102109299020895C3
:100B80001092C10281E080939902089581E08093E0
:100B9000C30208951092C3021092C20208951092E7
:100BA000C30281E08093C202089581E08093A6028F
:100BB00008951092A602089582E08093B7020895E6
:100BC0008091A7028F5F833018F48093A702089565
:100BD0001092A702089581E08093B40208951092C4
:100BE000B402089581E08093C50208951092C50271
:100BF0000895CF93DF93C2E7D2E02DEC3CEC4CECB0
:100C00005DE3688579858A859B850E94DA446887DB
:100C100079878A879B87DF91CF910895CF93DF9360
:100C2000C2E7D2E02DEC3CEC4CEC5DE368857985C5
:100C30008A859B850E94DB44688779878A879B87A2
:100C4000DF91CF9108950895089581E080930B0A74
:100C500008950895DB0114964D915C9115976D915F
:100C60007C91DC01ED91FC910280F381E02D1994DF
:100C7000EF92FF920F931F93CF93DF938C017B0131
:100C8000D0E0C0E0F701EC0FFD1F6491662361F036
:100C9000D801ED91FC910190F081E02DC8011995EA
:100CA000892B11F02196EECFCE01DF91CF911F91CC
:100CB0000F91FF90EF900895AF92BF92CF92DF9285
:100CC000EF92FF920F931F93CF93DF936C017B0101
:100CD0008B01040F151FEB015E01AE18BF08C01792
:100CE000D10759F06991D601ED91FC910190F08105
:100CF000E02DC6011995892B79F7C501DF91CF91B8
:100D00001F910F91FF90EF90DF90CF90BF90AF9029
:100D10000895FC01A089B1898C91A689B78982FDCB
:100D20000FC09C91818D8F5F8F73228D821749F048
:100D3000A18DAE0FBF2FB11D5D969C93818F08953D
:100D40008C910895FC01538D448D252F30E0842F24
:100D500090E0821B930B541710F0CF9608950197E3
:100D60000895FC01918D828D981761F0A28DAE0FD0
:100D7000BF2FB11D5D968C91928D9F5F9F73928F57
:100D800090E008958FEF9FEF08958F929F92AF921A
:100D9000BF92EF92FF920F931F93CF93DF937B014C
:100DA0008C01D0E0C0E00E9472056093CA0C709381
:100DB000CB0C8093CC0C9093CD0C82EC9CE00E94E9
:100DC000B10697FF27C00E9472058090CA0C9090D0
:100DD000CB0CA090CC0CB090CD0C681979098A0985
:100DE0009B098090C60C9090C70CA090C80CB09046
:100DF000C90C681579058A059B05F8F2CE01DF91CB
:100E0000CF911F910F91FF90EF90BF90AF909F9067
:100E10008F900895F80181938F012196EC16FD06BD
:100E200011F6ECCFCF93DF9300D01F92CDB7DEB792
:100E300019821A821B821C8284E690E0A0E0B0E056
:100E40008093C60C9093C70CA093C80CB093C90CA8
:100E500064E070E0CE0101960E94C5068981813070
:100E600051F48A818F3F39F48B818F3F21F481E0E7
:100E70009C819F3F09F080E00F900F900F900F90A2
:100E8000DF91CF910895FC01918D828D981731F0FB
:100E9000828DE80FF11D858D90E008958FEF9FEF13
:100EA0000895FC01918D228D892F90E0805C9F4FE9
:100EB000821B91098F7399270895CF93DF9382EC5A
:100EC0009CE00E945107181619060CF067C06AE0F2
:100ED00070E080E090E00E94400582EC9CE00E947F
:100EE000B106C82F853659F782EC9CE00E94510765
:100EF00006972CF3C093190ACAE1DAE082EC9CE071
:100F00000E94B10689938AE0C032D807B9F71092DF
:100F1000200A80911D0A8F3F91F680911E0A8F3F13
:100F200071F680911F0A8F3F51F690911B0A209114
:100F30001A0AECE1F2E0A191B191109709F4BFCF48
:100F40008C912813F8CF11968C9111979813F3CFA9
:100F500040911C0A50E070E060E0413051056105AD
:100F6000710561F41496ED91FC911597309709F491
:100F7000A6CF16968D919C911995A1CF452B462B06
:100F8000472B09F09CCF1896ED91FC91199730975B
:100F900009F495CF1A968D919C91EECFDF91CF9168
:100FA000089585E29CE00E94510721E0892B09F415
:100FB00020E0822F089582EC9CE00E94510721E0FE
:100FC000892B09F420E0822F08958FE59DE00E948F
:100FD000510721E0892B09F420E0822F0895FC01BC
:100FE000A48DA80FB92FB11DA35ABF4F2C91848D8A
:100FF00090E001968F739927848FA689B7892C93E7
:10100000A089B1898C91837080648C93938D848D39
:10101000981306C00288F389E02D80818F7D80833C
:101020000895EF92FF920F931F93CF93DF93EC01FC
:1010300081E0888F9B8D8C8D98131AC0E889F9897F
:10104000808185FF15C09FB7F894EE89FF89608382
:10105000E889F98980818370806480839FBF81E003
:1010600090E0DF91CF911F910F91FF90EF90089545
:10107000F62E0B8D10E00F5F1F4F0F731127E02E20
:101080008C8D8E110CC00FB607FCFACFE889F98958
:10109000808185FFF5CFCE010E94EF07F1CFEB8D68
:1010A000EC0FFD2FF11DE35AFF4FF0829FB7F8942C
:1010B0000B8FEA89FB8980818062CFCF6FEF82EC52
:1010C0009CE00C941108CF93DF93EC01888D88236A
:1010D000B9F0AA89BB89E889F9898C9185FD03C09B
:1010E000808186FD0DC00FB607FCF7CF8C9185FF80
:1010F000F2CF808185FFEDCFCE010E94EF07E9CFCF
:10110000DF91CF91089580E090E0892B29F00E9433
:10111000E50781110E94000080E090E0892B49F0F2
:1011200080E090E0892B29F00E94000081110E944C
:10113000000080E090E0892B29F00E94DB078111FC
:101140000E94000080E090E0892B29F00E94D107E6
:1011500081110C94000008958FB7F89480919D0937
:101160008FBF089561E0FC0184810E94C3038091D8
:101170009C09811110929C0908958EBD00000DB448
:1011800007FEFDCF8EB508958FEF0C94BD080F9329
:101190001F93CF93DF93EC010E9472058B010E9495
:1011A000C4088F3F69F00E947205601B710B6C17B9
:1011B0007D07A8F380E0DF91CF911F910F910895F3
:1011C00081E0F9CF8CBD9DBD0895CF93DF93EC01F5
:1011D00080919C09811109C081E080939C098091D4
:1011E000FC0D9091FD0D0E94E20860E08C81DF9182
:1011F000CF910C94C3038F929F92AF92BF92FF92B4
:101200000F931F93CF93DF93EC01F62E49015A0100
:101210008E81882389F08F8198859C012F5F3F4FB5
:1012200038872F838230924018F40E94C408F3CF8D
:10123000CE010E94B2081E82CE010E94E5088CE217
:1012400091E00E94C7088F2D80640E94BD0808E1CC
:1012500010E0D501C401002E04C0B695A79597955E
:1012600087950A94D2F70E94BD0808501109083FDB
:101270008FEF180771F785E9FF2021F028E087E854
:10128000F2128FEF0E94BD0810E00E94C4088A8706
:1012900087FF04C01F3F11F01F5FF7CFDF91CF9191
:1012A0001F910F91FF90BF90AF909F908F900895E6
:1012B000AF92BF92CF92DF92EF92FF920F931F9364
:1012C000CF93DF93EC016901C801820F931F813036
:1012D000924050F58E81882379F088819981AA8186
:1012E000BB8184179507A607B70731F48F819885CE
:1012F000C816D90608F042C0488359836A837B83A5
:101300008B85833039F089E0440F551F661F771FA6
:101310008A95D1F79A01AB0161E1CE010E94FB08E9
:10132000882389F083E08D83CE010E94B20880E09B
:10133000DF91CF911F910F91FF90EF90DF90CF90B1
:10134000BF90AF9008950E9472055B010E94C4088F
:101350008A878F3F69F40E9472056A197B096D3292
:101360007140A0F38FE08D83CE010E94B208DCCFE4
:101370008E3F89F418861F8281E08E838F81988545
:101380008C159D0550F40E94C4088F8198850196A4
:1013900098878F83F3CF8DE0E6CF6701E00EF11ED3
:1013A0000E94C408F60181936F01EE15FF05C1F795
:1013B0008F819885080F191F18870F8389858823C7
:1013C00019F001151240A0F08E81882389F08F81D9
:1013D00098859C012F5F3F4F38872F838230924042
:1013E00018F40E94C408F3CFCE010E94B2081E82F6
:1013F00081E09ECFCF92DF92EF92FF920F93CF9337
:10140000DF93EC01690182E1411551056105710528
:1014100099F08B85833039F089E0440F551F661FA2
:10142000771F8A95D1F79A01AB0168E1CE010E943E
:10143000FB08882319F084E08D832DC08EEF0E9475
:10144000BD0876018EEFD81AF70181917F010E94C5
:10145000BD08EC14FD04C1F78FEF0E94BD088FEFAB
:101460000E94BD080E94C4088A878F71853071F47C
:10147000011116C0CE010E94B20881E0DF91CF9128
:101480000F91FF90EF90DF90CF90089581E18D83D1
:10149000CE010E94B208CE010E94B20880E0EECFD9
:1014A00088E592E00E94C708811102C085E1C4CF9F
:1014B00020E030E0A9016DE0CE010E94FB08882306
:1014C00011F084E1B9CF0E94C4088111FACFD2CFC4
:1014D0000F9340919F095091A0096091A1097091CB
:1014E000A209411551056105710599F0082F23E204
:1014F0003AE08091230C9091240C0E94FA098823F1
:1015000049F010929F091092A0091092A10910921F
:10151000A20981E00F9108950F93CF93C82F809176
:101520009E09811105C0C1E08C2FCF910F910895C4
:1015300040910002509101026091020270910302F9
:101540000C2F23E23AE08091230C9091240C0E940E
:10155000FA09811102C0C0E0E7CFCC2321F381E07A
:101560000E94680A8823B9F310929E09DDCF8F92FA
:101570009F92AF92BF92EF92FF920F931F93CF93E0
:101580004B015C01C42F8091000290910102A09157
:101590000202B091030288159905AA05BB0551F115
:1015A00081E00E948C0A81110BC080E0CF911F91D5
:1015B0000F91FF90EF90BF90AF909F908F90089504
:1015C00083E2E82E8AE0F82E00E012E030E020E02E
:1015D000B501A4018091230C9091240C0E9458091C
:1015E000882319F38092000290920102A0920202D5
:1015F000B092030240919E094C2B40939E0981E0DA
:10160000D5CF8F929F92AF92BF92CF92DF92EF92FF
:10161000FF92CF932EEF3DE03093240C2093230CC8
:10162000882309F46DC040E060E070E0CB010E94C7
:10163000B70A81110BC080E0CF91FF90EF90DF904F
:10164000CF90BF90AF909F908F9008958091E10BC5
:101650008F7789F78091ED0B9091EE0BA091EF0BB6
:10166000B091F00B84369105A105B10520F3C0902F
:10167000E90BD090EA0BE090EB0BF090EC0BC1146F
:10168000D104E104F104B9F240E0C701B6010E94BF
:10169000B70A882381F280912E0A90912F0A811532
:1016A000924049F6A091330AAA2329F26091310AA7
:1016B0007091320A6115710509F4BDCF2091300A8D
:1016C000222309F4B8CFA0931C0E20930E0E90E0B5
:1016D00080E030E0E1E0F0E0C82FAF01082E02C06A
:1016E000440F551F0A94E2F72417350769F041E0CB
:1016F000480F01968930910579F74093170E9BCFDB
:10170000C12CD12C7601C0CF8093170E2091390ABD
:1017100030913A0A50E040E02115310541F4209122
:10172000470A3091480A4091490A50914A0A209349
:101730000F0E3093100E4093110E5093120E46016F
:101740005701860E971EA11CB11C80921D0E90920F
:101750001E0EA0921F0EB092200EE091340AF0915E
:10176000350AF093230EE093220EB0E00E949E44CF
:10177000DC01CB01880D991DAA1DBB1D8093240E91
:101780009093250EA093260EB093270E25E0EE0F22
:10179000FF1F2A95E1F7E150FE4FEF2FFF27E69557
:1017A0008E0F9F1FA11DB11D8093180E9093190ECF
:1017B000A0931A0EB0931B0E8090360A9090370AB1
:1017C000B12CA12C8114910441F48090430A909093
:1017D000440AA090450AB090460AC81AD90AEA0AF3
:1017E000FB0AC80CD91CEA1CFB1C04C0F694E79445
:1017F000D794C794CA95D2F7C092130ED092140E04
:10180000E092150EF092160E85EFC8168FE0D806FE
:10181000E104F10428F48CE08093210E81E00CCFE8
:1018200080E125EFC2162FEFD206E104F104A0F308
:1018300080914F0A9091500AA091510AB091520A9A
:101840008093240E9093250EA093260EB093270E1E
:1018500080E2E2CF4F925F926F927F928F929F923F
:10186000AF92BF92CF92DF92EF92FF920F931F93AE
:10187000CF93DF93EC01423051056105710590F47F
:1018800080E0DF91CF911F910F91FF90EF90DF905B
:10189000CF90BF90AF909F908F907F906F905F9010
:1018A0004F90089589859A85AB85BC850196A11DC9
:1018B000B11D84179507A607B70710F3CB88DC88FE
:1018C000ED88FE888F89803109F042C0BB27A72FA1
:1018D000962F852F480159012A013B01C80ED91EB8
:1018E000EA1EFB1E8091000290910102A09102026B
:1018F000B0910302C816D906EA06FB0699F58F894E
:101900008031C1F5B301A201552766277727440F1F
:10191000551F4D5D554FFA019182808280919E093D
:10192000816080939E098A89823080F08D819E81BA
:10193000AF81B8858C0D9D1DAE1DBF1D80939F0985
:101940009093A009A093A109B093A20981E099CF37
:10195000DB01CA01E7E0B695A79597958795EA95CB
:10196000D1F7B8CF40E0C701B6010E94B70A811194
:10197000C6CF86CFB301A2014F77552766277727B9
:10198000440F551F440F551F4D5D554FFA0180827E
:101990009182A282B382C2CF8F929F92AF92BF9266
:1019A000CF92DF92EF92FF920F931F93CF93DF932B
:1019B000FC0181859285A385B4850196A11DB11D89
:1019C00084179507A607B70770F480E0DF91CF91E1
:1019D0001F910F91FF90EF90DF90CF90BF90AF904D
:1019E0009F908F90089583889488A588B68887896A
:1019F000803189F5BB27A72F962F852FE9016A0132
:101A00007B018F01BC01CD01680D791D8A1D9B1DD5
:101A10008090000290900102A0900202B090030218
:101A200086169706A806B90601F5F8018789803160
:101A300011F5DD24EE24FF24F601EE0FFF1FED5D0E
:101A4000F54F80819181B0E0A0E088839983AA83DB
:101A5000BB8381E0BBCFDB01CA01C7E0B695A79588
:101A600097958795CA95D1F7C9CF40E00E94B70AEC
:101A70008111DBCFAACFE894C7F8DD24EE24FF2440
:101A8000F601EE0FFF1FEE0FFF1FED5DF54F80819A
:101A90009181A281B381BF70D8CF4F925F926F9234
:101AA0007F92AF92BF92CF92DF92EF92FF920F930D
:101AB0001F93CF93DF9300D01F92CDB7DEB78C0179
:101AC00049835A836B837C835901C12CD12C7601C5
:101AD000412C82E0582E612C712C49815A816B81F6
:101AE0007C819E012F5F3F4FC8010E94CC0C882350
:101AF00039F1F8018585A301920104C0220F331F3B
:101B0000441F551F8A95D2F7DA01C901C80ED91EA4
:101B1000EA1EFB1E49815A816B817C818789803155
:101B200011F188EF9FEFAFEFBFE0481759076A0741
:101B30007B0798F2F501C082D182E282F38281E0D4
:101B40000F900F900F900F90DF91CF911F910F91F9
:101B5000FF90EF90DF90CF90BF90AF907F906F900D
:101B60005F904F90089588EF9FEFA0E0B0E0DDCF49
:101B7000CF93DF93FC012581222321F080E0DF91C8
:101B8000CF910895EC018091210E803159F582E0CA
:101B90008583178A108E118E128E8091220E90915D
:101BA000230EB0E0A0E025E0880F991FAA1FBB1FFD
:101BB0002A95D1F7838B948BA58BB68B8AE09EE018
:101BC0009C8F8B8F81E08C831E821F8218861986E2
:101BD0001A861B861C861D861E861F86188A198AF1
:101BE0001A8ACDCF803251F683E085834091240E4E
:101BF0005091250E6091260E7091270E478B508FC5
:101C0000618F728F9F012D5E3F4F8AE09EE00E94A0
:101C10004D0D8111D3CFB2CF8F929F92AF92BF92D1
:101C2000CF92DF92EF92FF920F931F93CF93DF93A8
:101C3000EC018D8181110EC080E0DF91CF911F9169
:101C40000F91FF90EF90DF90CF90BF90AF909F905B
:101C50008F9008950B891C892D893E8904171507DB
:101C60002607370748F34A015B01823031F48A8640
:101C70009B86AC86BD8681E0E0CF81149104A104EF
:101C8000B10449F41E821F82188619861A861B86A3
:101C90001C861D86F0CF0A851B852C853D85EB8D26
:101CA000FC8D858590E00996B901A8014150510944
:101CB00061097109082E04C0769567955795479577
:101CC0000A94D2F775016401E1E0CE1AD108E10867
:101CD000F10804C0F694E794D794C7948A95D2F794
:101CE000C416D506E606F70620F0012B022B032BBF
:101CF00011F58F89988DA98DBA8D8E839F83A887C2
:101D0000B9878E010A5F1F4FC114D104E104F104A9
:101D100009F4ADCF4E815F816885798598018B8DFF
:101D20009C8D0E94CC0C91E0C91AD108E108F10801
:101D30008111EACF81CFC41AD50AE60AF70AE1CFAA
:101D40003F924F925F926F927F928F929F92AF924B
:101D5000BF92CF92DF92EF92FF920F931F93CF9398
:101D6000DF93CDB7DEB72C970FB6F894DEBF0FBE6A
:101D7000CDBF5C01DC015B968D909C905C971696C4
:101D80004D905D906D907C901997411451046104C1
:101D9000710409F468C0BFEF4B1A5B0A6B0A7B0A37
:101DA000312CF40181859285A385B4859C01AD0118
:101DB0002F5F3F4F4F4F5F4F29873A874B875C8795
:101DC000730162011D821E821F821886F4018185C3
:101DD0009285A385B4852D813E814F815885281732
:101DE00039074A075B0708F056C089859A85AB8595
:101DF000BC858C159D05AE05BF0550F482E0C82E4C
:101E0000D12CE12CF12C92E0492E512C612C712C1B
:101E10009E012F5F3F4FB701A601C4010E94CC0C69
:101E20008823C9F189819A81AB81BC81892B8A2B56
:101E30008B2B09F1260137019FEF491A590A690ACC
:101E4000790A2D813E814F8158852F5F3F4F4F4F3B
:101E50005F4F2D833E834F8358873FEFC31AD30ACA
:101E6000E30AF30AB3CFF4014080518062807380AB
:101E70003324339496CFC414D504E604F70409F749
:101E80000FEF1FEF2FEF3FE0B701A601C4010E9443
:101E90002A0C811119C080E02C960FB6F894DEBF91
:101EA0000FBECDBFDF91CF911F910F91FF90EF90AB
:101EB000DF90CF90BF90AF909F908F907F906F906A
:101EC0005F904F903F900895D50116964D915D918A
:101ED0006D917C911997411551056105710539F096
:101EE00097018601C4010E942A0C8823A1F2D50122
:101EF0001696CD92DD92ED92FC921997332051F017
:101F0000D701C6010196A11DB11DF4018083918303
:101F1000A283B383F5018789908DA18DB28D892B22
:101F20008A2B8B2B39F48481C78AD08EE18EF28E76
:101F300080688483F50184818062848381E0ACCFF2
:101F40001F93CF93DF93FC0125812223D1F1162F1C
:101F5000EC01848187FF2AC0668577858089918915
:101F600041E00E94B70A882361F1EA8980E2E89F94
:101F7000F0011124ED5DF54F309719F18D8182301C
:101F800040F48B899C89AD89BE89848F958FA68FFB
:101F9000B78F8F89988D938F828F8F89988DA98D18
:101FA000BA8DB58BA48B8C818F778C83111103C074
:101FB0008C818F7E8C83812FDF91CF911F910C9428
:101FC0008C0A80E0DF91CF911F910895FF920F93CB
:101FD0001F93CF93DF93EC018D81813041F090E02E
:101FE00080E0DF91CF911F910F91FF9008958C8138
:101FF00081FFF5CF82FD1BC00091230C1091240CB2
:10200000C8010E94E5080E94C408F82EC8010E9479
:10201000B2088FEFF812E3CF8C8185FF1BC060E020
:10202000CE010E94A00F8C818F7D8C83D8CF4B89ED
:102030005C896D897E898A859B85AC85BD85841781
:102040009507A607B707C1F2CE010E940C0E8111B9
:10205000D3CFC5CF40919F095091A0096091A109AC
:102060007091A209452B462B472B21F080E00E945E
:10207000680AB5CF80618C832A853B85317080E00A
:1020800092E0821B930BADCFCF93DF93EC0161E025
:102090000E94A00F882311F01D8281E0DF91CF9173
:1020A00008952F923F924F925F926F927F928F92FC
:1020B0009F92AF92BF92CF92DF92EF92FF920F93D7
:1020C0001F93CF93DF9300D01F921F92CDB7DEB73F
:1020D0007C015B01342E5D83DC0115968C91159794
:1020E000813009F0CEC014962C9021FECAC022FC8B
:1020F000B4C0C32CDD8022947FE027222094B22D2F
:10210000B1702B2ED7011A964D915D916D917C91F6
:102110001D97C114D10409F428C15B968D919C913F
:102120005C97FC0174807A948A019B0169E0369582
:102130002795179507956A95D1F770228A01117036
:10214000711020C001151105E9F416964D915D91AD
:102150006D917C911997411551056105710509F043
:1021600099C057968D919D910D90BC91A02D00978F
:10217000A105B10509F0B0C0C7010E94A00E8823D7
:1021800009F47FC080E092E0801B910B46018C1522
:102190009D0508F44C01D7015B964D915C915C97CD
:1021A00016968D919D910D90BC91A02D0297A1093D
:1021B000B109FA01258504C0880F991FAA1FBB1F0A
:1021C0002A95D2F74685578560897189840F951FB6
:1021D000A61FB71F9C01AD01270D311D411D511DCB
:1021E00029013A01811432E0930609F07BC0809105
:1021F000000290910102A0910202B09103028415A5
:102200009505A605B70559F48FEF9FEFDC01809384
:10221000000290930102A0930202B0930302022DE8
:102220009501B301A2018091230C9091240C0E948E
:10223000FA09882331F19EEFB91AC818D908F701B5
:1022400082859385A485B585880D991DA11DB11D35
:1022500082879387A487B58755CFF701438954892F
:102260006589768982859385A485B5854817590740
:102270006A077B0709F43DCFC7010E940C0E81114C
:1022800038CF81E090E0D70113969C938E931297FC
:1022900080E007C09E012F5F3F4F0E94CC0C811150
:1022A00002C090E079C089819A81AB81BC81F7013D
:1022B000238D348DF901278948EF5FEF60E070E0EE
:1022C000203121F048EF5FEF6FEF7FE08417950733
:1022D000A607B70708F050CFF70186839783A0873A
:1022E000B18750CF0115110599F5D7011A964D9177
:1022F0005D916D917C911D9753968D919D910D905F
:10230000BC91A02D481759076A077B0708F181E0A7
:102310000E948C0A882309F4B4CF409200025092A4
:102320000102609202027092030280919E09816014
:1023300080939E09C8018D5D954FD5019C01280DA4
:10234000391DFC012E173F0759F04D914193FACFEB
:1023500041E0C301B2010E94B70A8111EBCF91CFD6
:10236000281B390BA20EB31E68CFF701838994890D
:10237000A589B68984179507A607B70738F484811D
:10238000438B548B658B768B80688483F7018481C3
:1023900083FD1AC0832D9D810F900F900F900F9099
:1023A0000F90DF91CF911F910F91FF90EF90DF90F1
:1023B000CF90BF90AF909F908F907F906F905F90E5
:1023C0004F903F902F90089561E0C7010E94A00FA9
:1023D000882309F456CFDECFCF93DF931F92CDB77A
:1023E000DEB7698341E050E0BE016F5F7F4F0E941E
:1023F00051100F90DF91CF910895FC01DB011296EF
:102400008D919C911397938382838CE293E09183C7
:10241000808314968C911497848315968C911597CC
:10242000858316964D915D916D917C9119974683A8
:102430005783608771871A964D915D916D917C915C
:102440001D9742875387648775871E964D915D91CE
:102450006D917C91519746875787608B718B52960F
:102460008C915297828B53964D915D916D917C9199
:102470005697438B548B658B768B57964D915D9118
:102480006D917C915A97478B508F618F728F5B96BD
:102490008D919C91948F838F0895FC01818D928DF5
:1024A000009719F061E00C94A00F0895DC01599693
:1024B000ED91FC913097B9F083899489A589B6890B
:1024C0004285538564857585841B950BA60BB70BD8
:1024D000811520E89207A105B10538F08FEF9FE73D
:1024E000A0E0B0E0089590E080E00895DC01599606
:1024F0008D919C91009739F0DC01ED91FC91048065
:10250000F581E02D199490E080E00895CF93DF935A
:10251000EC01E98DFA8D309749F481E090E09B83DE
:102520008A8390E080E0DF91CF9108951382128238
:10253000898D9A8D0E945110E98DFA8D2281338107
:10254000232B59F7F0CFCF93DF931F92CDB7DEB790
:102550006983DC01ED91FC910280F381E02D41E083
:1025600050E0BE016F5F7F4F19950F90DF91CF91C3
:1025700008952F923F924F925F926F927F928F9227
:102580009F92AF92BF92CF92DF92EF92FF920F9302
:102590001F93CF93DF9300D0CDB7DEB7FC018581C9
:1025A000811118C08FEF9FEF0F900F900F90DF9168
:1025B000CF911F910F91FF90EF90DF90CF90BF9040
:1025C000AF909F908F907F906F905F904F903F90D3
:1025D0002F900895848180FFE5CF438954896589D0
:1025E000768982859385A485B585312C212C481761
:1025F00059076A077B0719F022242394312C6F01B5
:102600002101CE0101963C01DF011696BB83AA830E
:102610004114510409F4C5C0F6014285538564850F
:1026200075854A01F1E09F22D6015B968D919C91C0
:102630005C978A019B01E9E03695279517950795E8
:10264000EA95D1F71596EC91E230E9F5FC01628D3F
:10265000738D848D958D600F711F821F931FA12C28
:1026600022E0B22EA818B9084A145B0408F45201FB
:10267000F601248126FD04C0A114F2E0BF0671F426
:102680000091000210910102209102023091030298
:10269000061717072807390709F05EC040E00E94B7
:1026A000B70A882309F47ECFC4018D5D954FD3010D
:1026B0009C012A0D3B1DFC012E173F0709F46CC03D
:1026C00041914D93F9CFDC011496BC90BA94B0229D
:1026D0008114910479F4B1100DC0452B462B472B82
:1026E00069F5F6018789908DA18DB28D86839783D8
:1026F000A087B187D6015B96ED91FC915C97169609
:102700006D917D918D919C9119976250710981090C
:102710009109258504C0660F771F881F991F2A9588
:10272000D2F70685178520893189600F711F821FB6
:10273000931F6B0D711D811D911D91CFD6011696B2
:102740004D915D916D917C9119972A813B810E94F9
:10275000CC0C8111CFCF26CF730185019401AB0141
:10276000BC018091230C9091240C0E94580988236D
:1027700009F418CF6A0C7B1CF60182859385A48529
:10278000B5858A0D9B1DA11DB11D82879387A487E6
:10279000B5874A185B083CCF281B390B620E731EA5
:1027A000EBCF2A94232809F0FDCE898190E0FCCE5E
:1027B000FC01818D928D009711F00C94B9128FEF6E
:1027C0009FEF08950F931F93CF93DF93EC01898DB3
:1027D0009A8D10E000E0009799F00E94B9128C01E8
:1027E0000F3F100769F0898D9A8DFC014285538552
:1027F0006485758541505109610971090E940C0E6B
:10280000C801DF91CF911F910F9108950895CF9343
:10281000DF93EC0160E08E810E94F10361E08E8124
:102820000E94C30319861A861B861C86DF91CF91EE
:102830000895FF920F931F93CF93DF93EC01FF2432
:10284000F394F60E28852F1581F109851A852150FC
:1028500041F16F3FE1F430E050E040E06FEF7FEF97
:1028600080E090E00E947F44B901F8014C815D81D5
:10287000CF01801B910B84179507B0F44081469FD0
:10288000C001479F900D112490833196EFCF8F2D7B
:1028900090E0982F88270197622F70E00E94FE45F4
:1028A000E4CF70E060E0E1CFF886DF91CF911F9137
:1028B0000F91FF9008950F931F93DC0112968D9155
:1028C0009C91139768177907C0F518968C91189703
:1028D000882361F0489FA0011124452F829F900119
:1028E0001124232F809F80011124012F1E968C918B
:1028F0001E971996ED91FC911A971B969C911B9728
:1029000089131EC0CB01880F991F680F791F6E0FA6
:102910007F1F1B96EC911B97E60FF72FF11D40834D
:102920001C96EC911C97E60FF72FF11D20831D9646
:102930008C91680F711DFB0100831F910F91089509
:10294000660F771F660F771F6E0F7F1FFB01E80F63
:10295000F11D1082DECFCF92DF92EF92FF920F93A4
:102960001F93CF93DF9300D000D000D0CDB7DEB758
:102970008C01DC0119968D919C91892B09F473C00F
:102980000E941B05F801C784D088E188F2886C1585
:102990007D058E059F0520F46787708B818B928B58
:1029A000F801C784D088E188F2886C197D098E0906
:1029B0009F096C3271408105910510F3F894D8019C
:1029C00014968D919C9115979A8389831996ED9110
:1029D000FC917F01BFEFEB1AFB0A80818987F80128
:1029E00090810388F489E02DD80155968C91992324
:1029F00009F448C09081982B98879081809589230D
:102A00008F838F818C8388E08B8358856F81498584
:102A10003B812C8189819A81D701508347FD252FE5
:102A20003A952083262F39F0441F00C000006083B0
:102A3000000000C0F2CF38E04D91608300000197A4
:102A400061F7D8015496FC93EE93539749873B83E3
:102A50002C839A83898378940E941B05F8016787E9
:102A6000708B818B928B29960FB6F894DEBF0FBEC8
:102A7000CDBFDF91CF911F910F91FF90EF90DF902D
:102A8000CF9008959081982B988790818095892385
:102A90008F838F818E8388E08D8358856F814985F0
:102AA0003D812E8189819A81D701508347FD252F51
:102AB00000C000C0208300C000C000C000C000C033
:102AC00060830000262F3A9541F0441F000000C0AB
:102AD00000C000C000C000C0E8CF38E04D9100C089
:102AE000608300C0019709F7D8015496FC93EE93D8
:102AF000539749873D832E83ACCFCF93DF93EC016F
:102B00008E819F8197FD0CC061E00E94F10360E01F
:102B10008E810E94C30381E08983DF91CF91089564
:102B2000198280E0FACF20912B09260F3327331F1B
:102B300021323105ECF420917409FC0190E080E031
:102B4000243069F082E00895A0912B092191AC0115
:102B5000455F564FA40FB52FB11D2C9301968617D4
:102B600098F380912B09680F60932B0980E00895FA
:102B700081E008951092740981E0809373091092A6
:102B80004E0961E084E10E94C30361E085E10E9497
:102B9000C303E9EBF0E080818E7F808380818D7FAD
:102BA000808388E48093B80085E48093BC00089516
:102BB000CF93DF9391E090930A098823B9F0C091F5
:102BC000B800D091BA008091BC008A7B8093BC0091
:102BD00060E084E10E94C30360E085E10E94C303DA
:102BE0000E94BA15D093BA00C093B800DF91CF917C
:102BF0000895E091AD098091AC09E81730F4F0E058
:102C0000E651F74F808190E008958FEF9FEF089590
:102C10009091AD098091AC092FEF3FEF981748F4E0
:102C2000E92FF0E0E651F74F208130E09F5F90936D
:102C3000AD09C90108958091AC099091AD09891B36
:102C4000990B0895CF92DF92EF92FF920F931F930B
:102C5000CF93DF937C01CB018A0120917A09222353
:102C600089F0EB016B01C40ED51ECC15DD0569F0B2
:102C70006991D701ED91FC910190F081E02DC701A0
:102C80001995F3CF642F0E949315C801DF91CF915E
:102C90001F910F91FF90EF90DF90CF900895CF9309
:102CA000DF931F92CDB7DEB7698320917A09222383
:102CB000F9F02091AA09203258F021E030E0FC011F
:102CC0003383228390E080E00F90DF91CF910895CD
:102CD0008091AB09E82FF0E0E558F64F9981908399
:102CE0008F5F8093AB098093AA0981E090E0ECCFDD
:102CF00061E0CE0101960E949315F7CFCF92DF924B
:102D0000EF92FF920F931F93CF93DF93FC01C48147
:102D100021E020937A09C0939B091092AB0910928D
:102D2000AA098385682B87E49EE00E944F16D09104
:102D3000AA09D13208F092C00E941B056B017C01E8
:102D400080917409811165C082E08093740981E0EB
:102D5000809373098FEF8093720910927109D09359
:102D60007009ABE7B9E0E0E5F9E080E0D81385C091
:102D700010924F0980914F09CC0FC82BC0934F0977
:102D800080914E09813009F07CC010924E090E945A
:102D90001B056B017C0180914F098093BB008091E2
:102DA000760990917709A0917809B0917909892BDA
:102DB0008A2B8B2B99F00E941B05009176091091AC
:102DC000770920917809309179096C197D098E096C
:102DD0009F090617170728073907E0F18091BC0003
:102DE00083FDD9CF85EC8093BC000E941B056B014D
:102DF0007C0180917409823009F445C08091720988
:102E00008F3F61F180917209803241F180917209A6
:102E100025C08091760990917709A0917809B091A9
:102E20007909892B8A2B8B2B09F48ACF0E941B05E9
:102E300000917609109177092091780930917909EC
:102E40006C197D098E099F0906171707280739078E
:102E500008F076CF809175090E94D8151092AB09C1
:102E60001092AA0910927A09DF91CF911F910F91C8
:102E7000FF90EF90DF90CF9008959D9191938F5F99
:102E800075CF85EEB0CF8091760990917709A091AA
:102E90007809B0917909892B8A2B8B2B09F4A9CF5A
:102EA0000E941B05009176091091770920917809FD
:102EB000309179096C197D098E099F09061717074A
:102EC0002807390708F095CFC5CF90E080E0089536
:102ED000811112C08FE261E00E94C3030E9472055B
:102EE0006093B2097093B3098093B4099093B509C4
:102EF00081E08093B60908958EE2EDCF0E945E08CE
:102F00000E945E080C945E0880918502811104C0C5
:102F10008091BC0918161CF48FEF8093BC090895AA
:102F2000CF9380918502882321F08091BC0987FF8F
:102F30000FC0C1E0C09385020E94720560938602B3
:102F4000709387028093880290938902C093BC0992
:102F5000CF910895CF9382E10E949A03C82F83E115
:102F60000E949A032091AF08CC0F94E0299F900112
:102F70001124822BC82BCF70C093AF08E091AF080B
:102F80008091AE08F0E0E451FD4F9081890F80936D
:102F9000AE088091AE0884304CF08091C5098F5FF7
:102FA0008093C5091092AE08CF9108958091AE0824
:102FB0008D3FD4F78091C5098150F2CF0F93CF9305
:102FC000DF93D0E0C0E08091A8020091BC02209184
:102FD000BB024091BA02811103C000E020E040E052
:102FE000BE018FEC90E10E945B142196C830D105A0
:102FF00051F76FEF8FEC90E10E9419148FEC90E184
:10300000DF91CF910F910C94AB1481E08093A802D3
:103010000C94DE171092A8020C94DE178091A9027E
:103020008F5F66E00E94F2459093A902933031F1E0
:1030300060F49130A1F09230D9F08FEF8093BA0212
:103040008093BB028093BC0211C09430E9F09530AC
:10305000A1F71092BA028BEF8093BB0213C08FEFDF
:103060008093BA021092BB021092BC020C94DE173D
:103070001092BA028FEF8093BB02F6CF1092BA0281
:103080001092BB028FEFDECF82EC8093BA021092D7
:10309000BB028CEFD7CFCF92DF92FF920F931F939B
:1030A000CF93DF93EC0161E08E810E94C3036AEF4E
:1030B00070E080E090E00E9440050E947205098562
:1030C0001A852B853C85601771078207930720F4CA
:1030D00019861A861B861C862D85211119C0098523
:1030E0001A852B853C85601B710B820B930B603D11
:1030F00077408105910560F48F818B3009F472C0AF
:1031000020F08551823008F477C089E19CEF6CC0D3
:103110001D860E94720569877A878B879C871C822F
:103120001B821A821982188261E08E810E94F1034B
:1031300060E08E810E94C30364E170E080E090E073
:103140000E944005F89461E08E810E94C3038BE9E0
:1031500090E00197F1F760E08E810E94F103F12C7D
:1031600081E010E000E0C82ED12C8E810E949A03ED
:103170008C159D0519F40F5F0F3FB9F78E810E94E2
:103180009A030F3FB9F0143090F010FD10C0EF2DEE
:10319000E695E695E695EC0FFD2FF11D9081990FD0
:1031A00090832885201710F491609083F3941F5F1B
:1031B0001535C1F6789487E28F1508F0A6CF4C81BB
:1031C00028818981280F3327331F8A81280F311DD9
:1031D0008B81820F932F911D99274817190609F0AB
:1031E00094CF8ACF8A8190E0DF91CF911F910F9188
:1031F000FF90DF90CF9008953A81832F8F7790E0F2
:10320000982F88272B81820F911D6AE070E00E9421
:103210001246CB0137FFE8CF919581959109E4CF14
:10322000CF92DF92EF92FF921F93CF93DF93EC0147
:1032300080E2689FF0011124ED5DF54F9385917157
:1032400061F0842F827449F080E0DF91CF911F916B
:10325000FF90EF90DF90CF900895142F6A8B8091AC
:10326000000290910102A0910202B09103028E87A8
:103270009F87A88BB98BC488D588F12CE12C760167
:10328000DD24CC24CF8AD88EE98EFA8E828D938D60
:10329000B0E0A0E0AC01BD014C295D296E297F2979
:1032A0004F8B588F698F7A8F83858871B1F4848DA5
:1032B000958DA68DB78D8B8B9C8BAD8BBE8B81E056
:1032C0008D831F701C831E821F82188619861A86A2
:1032D0001B861C861D8681E0B8CF803109F0B4CFF3
:1032E0009E012D5E3F4F8B8D9C8D0E944D0D88233E
:1032F00009F4AACF84E0E4CF0F931F93CF938C01FE
:10330000C62F0E947E166C2F6460C8010E947E1634
:103310006C2F6B7FC8010E947E1683EC90E00197B2
:10332000F1F7CF911F910F9108950F931F93CF93B2
:10333000DF938C01D62FC42F607F642B0E947C19F1
:1033400080E1D89FB00111246C2BC801DF91CF918F
:103350001F910F910C947C1940E061E083E890E1AB
:103360000E9495198BE39FE10197F1F70895109260
:10337000B9020E94AC1910928E1060E083E890E1CF
:103380000C947E16CF93DF9300D000D01F921F9233
:10339000CDB7DEB798E0E0EDF2E0DE0111960190E6
:1033A0000D929A95E1F790918B10961708F46FEFB4
:1033B000262F30E0220F331F41E050E04C0F5D1FFD
:1033C000240F351FF9016081680F606840E083E8D1
:1033D00090E128960FB6F894DEBF0FBECDBFDF9107
:1033E000CF910C94951941E00E94951981E090E0ED
:1033F0000895FB0101900020E9F73197AF01461BCA
:10340000570BDC01ED91FC910280F381E02D1994C2
:103410008F929F92AF92BF92EF92FF920F931F9362
:10342000CF93DF93CDB7DEB7A1970FB6F894DEBF89
:103430000FBECDBF7C01FA01CB0119A2223008F4E6
:103440002AE08E010F5D1F4F822E912CB12CA12CF2
:10345000BF01A50194010E94A944F901CA016A3083
:103460000CF5605DD8016E938D01232B242B252B49
:1034700079F790E080E0109721F0BD01C7010E942C
:10348000F919A1960FB6F894DEBF0FBECDBFDF913C
:10349000CF911F910F91FF90EF90BF90AF909F90B1
:1034A0008F900895695CDECFCF92DF92EF92FF920A
:1034B0000F931F93CF93DF9377FF21C06A017B01A6
:1034C000EC01E881F9810190F081E02D6DE2199520
:1034D0008C0144275527BA014C195D096E097F09F3
:1034E0002AE0CE010E94081A800F911FDF91CF9130
:1034F0001F910F91FF90EF90DF90CF9008952AE0F9
:10350000DF91CF911F910F91FF90EF90DF90CF90BF
:103510000C94081A6115710511F00C94F91990E0DA
:1035200080E00895CF93DF93EC0182EC9CE00E9451
:103530005107892B29F082EC9CE00E94B106F5CF5F
:10354000BE0182EC9CE00E948A1A0E945E080E94E2
:103550005E08DF91CF910C945E08CF93DF93EC016E
:1035600088819981009711F00E94D94619821882AA
:103570001D821C821B821A82DF91CF910895FC016B
:1035800080819181009711F00C94D9460895CF93D2
:10359000DF93EC01898D9A8D009741F00E944410D1
:1035A000898D9A8D0E94D9461A8E198EDF91CF91FE
:1035B00008950F931F93CF93DF93EC018881998136
:1035C000009759F02A813B812617370730F081E0B8
:1035D000DF91CF911F910F9108958B016F5F7F4F06
:1035E0000E946247009759F0998388831B830A835E
:1035F0002C813D81232B59F7FC011082E8CF80E01C
:10360000E7CFEF92FF920F931F93CF93DF93611554
:10361000710541F480E0DF91CF911F910F91FF90F0
:10362000EF90089541155105B1F07B01EC010C813B
:103630001D81040F151FB8010E94D91A882351F368
:10364000288139818C819D81B701820F931F0E944F
:1036500074481D830C8381E0DECFCF93DF93EC01B0
:103660006115710539F4CE010E94AD1ACE01DF91CA
:10367000CF910895FB0101900020E9F73197AF0148
:10368000461B570B0E94011B882369F3EFCFCF9392
:10369000DF93EC01FB0144815581608171810E94BF
:1036A000011B811103C0CE010E94AD1ACE01DF9132
:1036B000CF910895EF92FF920F931F93CF93DF93D3
:1036C000EC017B018A01BA010E94D91A81110BC059
:1036D000CE010E94AD1ACE01DF91CF911F910F91C3
:1036E000FF90EF9008951D830C83B7018881998125
:1036F0000E947448F0CFFB0101900020E9F7319758
:10370000AF01461B570B0C945A1B0F931F93CF937B
:10371000DF93CDB7DEB7A1970FB6F894DEBF0FBE2B
:10372000CDBF8C01CB01BA01F80111821082138246
:103730001282158214822AE0AE014F5F5F4F0E9411
:10374000A840BE016F5F7F4FC8010E947B1BA196FE
:103750000FB6F894DEBF0FBECDBFDF91CF911F91A2
:103760000F9108950F931F93CF93DF9300D000D054
:1037700000D0CDB7DEB78C01862FF8011182108200
:1037800013821282158214824AE0BE016F5F7F4F5E
:1037900090E00E94CA40BE016F5F7F4FC8010E9447
:1037A0007B1B29960FB6F894DEBF0FBECDBFDF910D
:1037B000CF911F910F9108950F931F93CF93DF9394
:1037C000CDB7DEB762970FB6F894DEBF0FBECDBFA0
:1037D0008C01CB01F80111821082138212821582B2
:1037E00014824AE0BE016F5F7F4F0E948840BE0195
:1037F0006F5F7F4FC8010E947B1B62960FB6F894E3
:10380000DEBF0FBECDBFDF91CF911F910F91089505
:10381000CF93DF93EC016115710531F00E947B1BA2
:10382000CE01DF91CF9108950E94AD1AF9CFCF93C9
:10383000DF93EC01FB018617970749F060817181E6
:103840006115710541F0448155810E945A1BCE01DA
:10385000DF91CF9108950E94AD1AF9CFFC0111823A
:1038600010821382128215821482FB0101900020C3
:10387000E9F73197AF01461B570B0C945A1BEF9297
:10388000FF920F931F93CF93DF93CDB7DEB72E97A1
:103890000FB6F894DEBF0FBECDBF7C018B0162E591
:1038A00073E0CE0109960E942E1CF701628173819C
:1038B0006115710561F0FB0101900020E9F7319776
:1038C000AF01461B570BCE0109960E94011B44E035
:1038D00050E067E573E0CE0109960E94011B8985DF
:1038E0009A850E94921ACE01019628E0FC0111925D
:1038F0002A95E9F744E650E060E070E04093C60C9A
:103900005093C70C6093C80C7093C90C68E070E0CA
:103910000E94C5060897D9F589818137C1F58E8146
:103920008F3FA9F58F818F3F91F588858F3F79F57E
:103930002D818C8190E0B0E0A0E0DC019927882700
:10394000B22B2A81822B4B8150E0542F4427052E25
:10395000000C660B770B842B952BA62BB72BF8014D
:1039600080839183A283B38311E0CE0109960E94E4
:10397000BF1A812F2E960FB6F894DEBF0FBECDBFB3
:10398000DF91CF911F910F91FF90EF90089510E07C
:10399000ECCFCF93DF9300D01F92CDB7DEB7198263
:1039A0001A821B821C82BE016F5F7F4F8BEE9FE0ED
:1039B0000E943F1C89818093C7020F900F900F9047
:1039C0000F90DF91CF910895CF93DF9300D01F9296
:1039D000CDB7DEB719821A821B821C82BE016F5FCF
:1039E0007F4F8BEB9FE00E943F1C89819A819093CF
:1039F0009E0280939D020F900F900F900F90DF9189
:103A0000CF910895CF93DF9300D01F92CDB7DEB74B
:103A100019821A821B821C82BE016F5F7F4F8BE866
:103A20009FE00E943F1C89819A819093A00280931D
:103A30009F020F900F900F900F90DF91CF910895FC
:103A4000CF93DF9300D01F92CDB7DEB719821A82D1
:103A50001B821C82BE016F5F7F4F8BE59FE00E943F
:103A60003F1C89819A819093A2028093A1020F90BA
:103A70000F900F900F90DF91CF910895CF93DF9328
:103A800000D01F92CDB7DEB719821A821B821C822A
:103A9000BE016F5F7F4F8BE99EE00E943F1C298132
:103AA0003A814B815C81AAEFB0E00E949E4424E6FB
:103AB00030E040E050E00E947F442B5F3F4F4F4F8B
:103AC0005F4F209319020F900F900F900F90DF918E
:103AD000CF9108953F924F925F926F927F928F9213
:103AE0009F92AF92BF92CF92DF92EF92FF920F938D
:103AF0001F93CF93DF9300D000D000D01F921F926E
:103B0000CDB7DEB77C01FE013196CE010C966F0178
:103B100030E23193E817F907E1F7DA0130E087E0A6
:103B20009D91B92E992309F43CC09E32F1F48A305C
:103B3000C9F480E02B960FB6F894DEBF0FBECDBF60
:103B4000DF91CF911F910F91FF90EF90DF90CF9079
:103B5000BF90AF909F908F907F906F905F904F90AD
:103B60003F90089538E08AE0DBCFE9EBF3E0449141
:103B7000442321F031969413FACFDBCF8317C8F298
:103B80004FED490F4E35A8F64FE9490F4A3118F469
:103B900040EEB42EB90EF601E30FF11DB0823F5F87
:103BA000BFCF8981803229F2322E8B01DB015B96F7
:103BB0008D919C915C97F701948F838F16961D923F
:103BC0001D921D921C921997FB0112861386148672
:103BD0001586F80182859385A485B5854389548926
:103BE0006589768984179507A607B70708F04DC041
:103BF00025E0B695A795979587952A95D1F7F82F43
:103C0000FF70AF2ED80115968C91823008F491CFB9
:103C1000C8010E94B91297FD8CCFF8018285938567
:103C2000A485B5854F96A11DB11D82879387A48772
:103C3000B587F0E2AF9EB00111246D5D754F61153F
:103C4000710509F476CFDB018C91882341F0853E24
:103C500009F062C0BB2029F0BB24B394BACFB110E5
:103C60000EC0F701A28A8091000290910102A091FA
:103C70000202B091030286879787A08BB18BDB018C
:103C80008C918111E9CFBB24B394832D8271823151
:103C900009F04FCFBB2009F44DC0F7016685778549
:103CA0008089918941E00E94B70A882309F441CFB5
:103CB000D70152968C91B0E28B9FC00111248D5D8B
:103CC000954F009709F435CFFC013A9626E1DF01C4
:103CD0001D922A95E9F72BE0F601DC0101900D9287
:103CE0002A95E1F721E238E2FC01318B208B40E09C
:103CF00058E057874687338B228B318F208F578B25
:103D0000468B81E00E948C0A882309F412CF432D50
:103D1000D70152966C910AC04BE050E0C6010E9458
:103D20004348892B09F055CF432D6A2DC7010E94C6
:103D3000101900CFF8018581823009F4FACEC8014C
:103D40000E94A00E882309F4F4CED8015B96ED9171
:103D5000FC915C9716968D909D90AD90BC901997B4
:103D6000B2E08B1A9108A108B108858504C0880CBF
:103D7000991CAA1CBB1C8A95D2F786859785A089B9
:103D8000B189880E991EAA1EBB1E848124013501AB
:103D9000480E511C611C711C84149504A604B704C0
:103DA00009F1E1E04E1A51086108710881E00E94B2
:103DB0008C0A882309F4BDCEE3E2FAE0119283E293
:103DC0009CE08E179F07D1F74092000250920102AB
:103DD000609202027092030280919E09816080933A
:103DE0009E09DACFD8015B96ED91FC91258580E0A4
:103DF00092E0A0E0B0E004C0880F991FAA1FBB1F8B
:103E00002A95D2F7F8014389548965897689840F08
:103E1000951FA61FB71F838B948BA58BB68BD701DD
:103E200052961C9283E29AE04FCFEF92FF920F934B
:103E30001F93CF93DF93EC017B018A011B821A82CF
:103E400088EE93E0A0E0B0E08C839D83AE83BF83D7
:103E500088E093E0998388838DE190E00E943D465D
:103E60009A8F898F009779F02DE1F701DC0101909D
:103E70000D922A95E1F74CE050E0B801CE010C9686
:103E80000E947B48188EDF91CF911F910F91FF9078
:103E9000EF900895EF92FF920F931F93CF93DF93CC
:103EA000CDB7DEB7C755D1090FB6F894DEBF0FBE48
:103EB000CDBF8C011C821B828CE2E82E83E0F82EA1
:103EC000FA82E9821E82CE0101960E94B80DBE01DF
:103ED0006F5F7F4FCE01CB960E94FD1119A218A2F1
:103EE000FF8EEE8E1BA221968FAD2197811121C0EE
:103EF000F8011382128288EE93E0A0E0B0E08483A0
:103F00009583A683B78388E093E091838083128EA4
:103F1000118E1486C801C95ADF4F0FB6F894DEBF60
:103F20000FBECDBFDF91CF911F910F91FF90EF900A
:103F3000089527E14CE553E0BE01655C7F4FCE015B
:103F40004E960E946A1D882399F2CE01CB960E945C
:103F5000441049A95AA96BA97CA9CE014E960E948A
:103F60000C0EBE01625E7F4FCE0101960E94FD11D4
:103F70004CE553E0BE016F5F7F4FC8010E94151FE3
:103F8000C9CFCF92DF92EF92FF920F931F93CF93FF
:103F9000DF93CDB7DEB762970FB6F894DEBF0FBEE2
:103FA000CDBF7B018A01880F991FFC01E450FD4FB2
:103FB000C080D1800E947205AB01BC01CE01019688
:103FC0000E94851B18861F821A8619861C861B86EE
:103FD000BE016F5F7F4FCE0107960E94171C69E6F6
:103FE00073E0CE0107960E942D1BB6010E942D1B87
:103FF00069E673E00E942D1BB7010E942D1B69E644
:1040000073E00E942D1BB8010E94471B67E176E018
:104010000E942D1B1E861D86188A1F861A8A198AE1
:10402000BC01CE010D960E94171CCE0107960E947E
:10403000BF1ACE0101960E94BF1ABE01635F7F4F77
:104040008FE59DE00E942A068091010A883010F5D4
:1040500091E0980F9093010A26E0829FC0011124FD
:10406000BE01635F7F4F855B9F4E0E94171CCE0190
:104070000D960E94BF1A62960FB6F894DEBF0FBE6F
:10408000CDBFDF91CF911F910F91FF90EF90DF9007
:10409000CF9008958091BE029091BF0201969093B7
:1040A000BF028093BE02E3CFCF93DF9300D000D056
:1040B000CDB7DEB781E0809382026BE673E0CE017C
:1040C00001960E942E1CAE014F5F5F4F60E873E0C7
:1040D00090E080E00E94C11FCE0101960E94BF1AAD
:1040E00026960FB6F894DEBF0FBECDBFDF91CF91FD
:1040F0000895CF93DF9300D000D0CDB7DEB71092F4
:1041000082020E94841768E873E0CE0101960E9443
:104110002E1CAE014F5F5F4F60E873E090E080E0DF
:104120000E94C11FCE0101960E94BF1A26960FB6AB
:10413000F894DEBF0FBECDBFDF91CF910895CF932E
:10414000DF93CDB7DEB72C970FB6F894DEBF0FBE66
:10415000CDBF80918A0290918B02A0918C02B09188
:104160008D02803127E29207A105B1050CF44EC003
:10417000BC01CD01693428EE720721E08207910568
:1041800024F068E478EE81E090E06858734181099A
:10419000910960938A0270938B0280938C029093B2
:1041A0008D0228EE33E040E050E00E94A944BA01BD
:1041B000A901CE0107960E94851B6EE973E0CE012E
:1041C00001960E942E1CBE01695F7F4FCE010196B1
:1041D0000E94471B64EB73E00E942D1BAC0160E85A
:1041E00073E090E080E00E94C11FCE0101960E9422
:1041F000BF1ACE0107960E94BF1A2C960FB6F894EC
:10420000DEBF0FBECDBFDF91CF91089568E873E1A7
:1042100080E090E0BECFCF93DF93CDB7DEB72C9791
:104220000FB6F894DEBF0FBECDBF80918A02909189
:104230008B02A0918C02B0918D02B7FD4EC0BC01E3
:10424000CD01693321EC720721E08207910524F04A
:1042500068E371EC81E090E068577C4E8F4F9F4F90
:1042600060938A0270938B0280938C0290938D02EC
:1042700028EE33E040E050E00E94A944BA01A901D1
:10428000CE0107960E94851B66EB73E0CE01019676
:104290000E942E1CBE01695F7F4FCE0101960E94D5
:1042A000471B64EB73E00E942D1BAC0160E873E0D8
:1042B00090E080E00E94C11FCE0101960E94BF1ACB
:1042C000CE0107960E94BF1A2C960FB6F894DEBF57
:1042D0000FBECDBFDF91CF91089568E873E180E014
:1042E00090E0BECFCF93DF9300D000D0CDB7DEB744
:1042F00080917F0291E0892780937F0267EE73E0CF
:10430000882311F06CEC73E0CE0101960E942E1C04
:10431000AE014F5F5F4F60E873E081E090E00E9484
:10432000C11FCE0101960E94BF1A26960FB6F894BF
:10433000DEBF0FBECDBFDF91CF91089585ED809395
:10434000BC008091760990917709A0917809B0918D
:1043500079090796A11DB11D23E0B695A7959795FC
:1043600087952A95D1F72091BC0024FD03C01092B7
:104370007409089540917609509177096091780900
:1043800070917909452B462B472B69F30097A105BE
:10439000B10541F02AE22A95F1F700C00197A10981
:1043A000B109E1CF809175090C94D8151F93CF9373
:1043B000DF93EC01162F0E946944181739F0612F22
:1043C000CE01DF91CF911F910C947144DF91CF9179
:1043D0001F9108950C946944DF92EF92FF920F931E
:1043E0001F93CF93DF938091B0028F938091AF02A0
:1043F0008F9382E294E09F938F931F9210E31F9319
:10440000CAEBD8E0DF93CF930E948A48BE0182ECCA
:104410009CE00E948A1A0E947E178091B2028F93BC
:104420008091B1028F9386E394E09F938F931F92C4
:104430001F93DF93CF930E948A48BE0182EC9CE0D9
:104440000E948A1A0E947E178091AE028F938091FB
:10445000AD028F938CE494E09F938F931F921F93F0
:10446000DF93CF930E948A48BE0182EC9CE00E94B9
:104470008A1A0E947E1760918A0270918B02809145
:104480008C0290918D0228EE33E040E050E00E94D3
:10449000A9445F934F933F932F9382E694E09F93B9
:1044A0008F931F921F93DF93CF930E948A488DB7FB
:1044B0009EB782960FB6F8949EBF0FBE8DBFBE0109
:1044C00082EC9CE00E948A1A0E947E178091B502BD
:1044D00063E174E0882311F065E074E082EC9CE015
:1044E0000E948A1A0E947E178091A702813009F4E7
:1044F0007EC008F475C0823009F47CC00E947E172B
:1045000060917602709177028091780290917902A1
:1045100000EB18E022E044E00E9443407801FF9263
:104520000F9384EB94E09F938F931F9280E3D82E98
:10453000DF92CAEBD8E0DF93CF930E948A48BE0196
:1045400082EC9CE00E948A1A0E947E1760917A0297
:1045500070917B0280917C0290917D0222E044E088
:104560000E944340FF920F9386EC94E09F938F93B9
:104570001F92DF92DF93CF930E948A48BE0182ECA4
:104580009CE00E948A1A0E947E178DB79EB74096C3
:104590000FB6F8949EBF0FBE8DBF80917F0268ED6D
:1045A00074E0811102C062EF74E082EC9CE00E9432
:1045B0008A1A0E947E178091AA026EE873E088230F
:1045C00011F062EA73E082EC9CE00E943806DF9111
:1045D000CF911F910F91FF90EF90DF900C947E1779
:1045E0006FE674E082EC9CE00E948A1A87CF64E850
:1045F00074E0F8CF6CE974E0F5CF1F920F920FB61C
:104600000F9211242F933F938F939F93AF93BF9358
:104610008091110A9091120AA091130AB091140A84
:104620003091100A23E0230F2D3758F50196A11D74
:10463000B11D2093100A8093110A9093120AA0933F
:10464000130AB093140A8091150A9091160AA0914A
:10465000170AB091180A0196A11DB11D8093150A81
:104660009093160AA093170AB093180ABF91AF91BE
:104670009F918F913F912F910F900FBE0F901F90A0
:10468000189526E8230F0296A11DB11DD2CF1F92C7
:104690000F920FB60F9211240BB60F922F933F93E8
:1046A0004F935F936F937F938F939F93AF93BF933A
:1046B000EF93FF93E0911202F09113021995FF918D
:1046C000EF91BF91AF919F918F917F916F915F918A
:1046D0004F913F912F910F900BBE0F900FBE0F90F7
:1046E0001F9018951F920F920FB60F9211240BB6C0
:1046F0000F922F933F934F935F936F937F938F937B
:104700009F93AF93BF93EF93FF93E0911002F091CB
:1047100011021995FF91EF91BF91AF919F918F91E8
:104720007F916F915F914F913F912F910F900BBEB1
:104730000F900FBE0F901F9018951F920F920FB6FB
:104740000F9211240BB60F922F933F934F935F93C9
:104750006F937F938F939F93AF93BF93EF93FF9349
:10476000E0910602F09107021995FF91EF91BF9138
:10477000AF919F918F917F916F915F914F913F91F9
:104780002F910F900BBE0F900FBE0F901F9018959A
:104790001F920F920FB60F9211240BB60F922F9308
:1047A0003F934F935F936F937F938F939F93AF93B9
:1047B000BF93EF93FF93E0910402F09105021995E6
:1047C000FF91EF91BF91AF919F918F917F916F91E9
:1047D0005F914F913F912F910F900BBE0F900FBEA5
:1047E0000F901F9018951F920F920FB60F921124E1
:1047F0000BB60F922F933F934F935F936F937F93DB
:104800008F939F93AF93BF93EF93FF93E0910E022B
:10481000F0910F021995FF91EF91BF91AF919F9188
:104820008F917F916F915F914F913F912F910F9059
:104830000BBE0F900FBE0F901F9018951F920F92F6
:104840000FB60F9211240BB60F922F933F934F93F5
:104850005F936F937F938F939F93AF93BF93EF93E8
:10486000FF93E0910C02F0910D021995FF91EF91E9
:10487000BF91AF919F918F917F916F915F914F9178
:104880003F912F910F900BBE0F900FBE0F901F9076
:1048900018951F920F920FB60F9211240BB60F921C
:1048A0002F933F934F935F936F937F938F939F9338
:1048B000AF93BF93EF93FF93E0910A02F0910B0245
:1048C0001995FF91EF91BF91AF919F918F917F913A
:1048D0006F915F914F913F912F910F900BBE0F9071
:1048E0000FBE0F901F9018951F920F920FB60F9248
:1048F00011240BB60F922F933F934F935F936F93B7
:104900007F938F939F93AF93BF93EF93FF93E09128
:104910000802F09109021995FF91EF91BF91AF91B3
:104920009F918F917F916F915F914F913F912F91C7
:104930000F900BBE0F900FBE0F901F9018951F92F7
:104940000F920FB60F9211240BB60F922F933F9335
:104950004F935F936F937F938F939F93AF93BF9387
:10496000EF93FF9385E29CE00E94EF07FF91EF91A8
:10497000BF91AF919F918F917F916F915F914F9177
:104980003F912F910F900BBE0F900FBE0F901F9075
:1049900018951F920F920FB60F9211240BB60F921B
:1049A0002F933F934F935F936F937F938F939F9337
:1049B000AF93BF93EF93FF9385E29CE00E9489063B
:1049C000FF91EF91BF91AF919F918F917F916F91E7
:1049D0005F914F913F912F910F900BBE0F900FBEA3
:1049E0000F901F9018951F920F920FB60F921124DF
:1049F0000BB60F922F933F934F935F936F937F93D9
:104A00008F939F93AF93BF93EF93FF9382EC9CE0C0
:104A10000E94EF07FF91EF91BF91AF919F918F910E
:104A20007F916F915F914F913F912F910F900BBEAE
:104A30000F900FBE0F901F9018951F920F920FB6F8
:104A40000F9211240BB60F922F933F934F935F93C6
:104A50006F937F938F939F93AF93BF93EF93FF9346
:104A600082EC9CE00E948906FF91EF91BF91AF918B
:104A70009F918F917F916F915F914F913F912F9176
:104A80000F900BBE0F900FBE0F901F9018951F92A6
:104A90000F920FB60F9211240BB60F922F933F93E4
:104AA0004F935F936F937F938F939F93AF93BF9336
:104AB000EF93FF938FE59DE00E94EF07FF91EF9149
:104AC000BF91AF919F918F917F916F915F914F9126
:104AD0003F912F910F900BBE0F900FBE0F901F9024
:104AE00018951F920F920FB60F9211240BB60F92CA
:104AF0002F933F934F935F936F937F938F939F93E6
:104B0000AF93BF93EF93FF938FE59DE00E948906DB
:104B1000FF91EF91BF91AF919F918F917F916F9195
:104B20005F914F913F912F910F900BBE0F900FBE51
:104B30000F901F9018951F920F920FB60F9211248D
:104B40000F900FBE0F901F9018951F920F920FB6E7
:104B50000F9211240BB60F922F933F934F935F93B5
:104B60006F937F938F939F93AF93BF93EF93FF9335
:104B70008091B900887F803609F44DC008F040C0AC
:104B8000883209F4A9C028F5803109F49DC0C8F421
:104B9000882309F4FBC0883009F496C0FF91EF9197
:104BA000BF91AF919F918F917F916F915F914F9145
:104BB0003F912F910F900BBE0F900FBE0F901F9043
:104BC0001895883109F488C0803241F780937209C2
:104BD00014C0803409F49DC040F48033B9F38833A5
:104BE000E9F68093720985ECB0C0803509F485C080
:104BF000883509F496C0883489F60E949E21CECF6C
:104C0000883909F48CC038F5883729F050F4883693
:104C100011F0803719F683E08093740910924D09E2
:104C200057C0883809F47BC0803919F0803809F002
:104C3000B5CF80914D09803208F071C0E0914D09E7
:104C400081E08E0F80934D098091BB00F0E0E35D21
:104C5000F64F80833DC0803B39F0E0F4803A09F4A0
:104C600079C0883A09F09ACF84E080937409109251
:104C70002C0910922B09E091A609F091A70919952A
:104C800080912B0981110FC081E080932B09109234
:104C90000B0909C0803C09F4A6CF883C09F4A3CFD6
:104CA000883B09F07BCFE0912C0981E08E0F809347
:104CB0002C09F0E0E55FF64F80818093BB00909176
:104CC0002C0980912B0929C080914F098093BB004A
:104CD00085EC8093BC0062CF90917109809170093E
:104CE000981758F5E091710981E08E0F8093710952
:104CF000F0E0E05BF64F8081E9CFE091710981E05F
:104D00008E0F809371098091BB00F0E0E05BF64F5D
:104D1000808390917109809170099817C8F285E895
:104D2000D8CFE091710981E08E0F80937109809155
:104D3000BB00F0E0E05BF64F808380917309811146
:104D40005CCF81E080934E0984EA8093BC0010928E
:104D5000740924CF85EC8093BC0010927409809173
:104D60004D09803230F4E0914D09F0E0E35DF64FFB
:104D7000108260914D0970E0E091A809F091A909B5
:104D80008DE299E0199510924D0908CF10927209A1
:104D900034CF1F920F920FB60F9211248F9381E0A0
:104DA00080930B0A8F910F900FBE0F901F90189554
:104DB000CF92DF92EF92FF920F931F93CF93DF93E7
:104DC000EC016B01F42EE52E198218861F86188AD5
:104DD000198A1A8A81E08E878B871C8692E09D87CC
:104DE00088838B01000F111F060F171F1D830C8373
:104DF000C8010E943D469A878987009789F1A801DA
:104E000070E060E00E945948DB82CA82FE82EF8235
:104E10008981882341F061E08F2D0E94F10360E0D9
:104E20008F2D0E94C3038F2D9E2DFC01EA59FA4F4E
:104E3000E491F0E0EE0FFF1FE45BFA4F259134910F
:104E40003C8B2B8BFC01EA5FFA4FE491ED8BDF91F9
:104E5000CF911F910F91FF90EF90DF90CF90089529
:104E60001D821C821B821A82D1CFEF92FF920F9378
:104E70001F93CF93DF931092280C1092270C88EE8B
:104E800093E0A0E0B0E08093290C90932A0CA093CB
:104E90002B0CB0932C0C2AE133E03093260C20939A
:104EA000250C45E351E05093320C4093310C44E320
:104EB00051E05093340C4093330C40E351E0509355
:104EC000360C4093350C41E351E05093380C40933D
:104ED000370C42E351E050933A0C4093390C46E3CF
:104EE00051E050933C0C40933B0C10923E0C1092BE
:104EF0003F0C1092400C1092410C1092C50C109275
:104F0000C40C8093C60C9093C70CA093C80CB093AC
:104F1000C90C3093C30C2093C20C45ED50E0509364
:104F2000CF0C4093CE0C44ED50E05093D10C409305
:104F3000D00C40ED50E05093D30C4093D20C41ED97
:104F400050E05093D50C4093D40C42ED50E0509378
:104F5000D70C4093D60C46ED50E05093D90C4093BB
:104F6000D80C1092DB0C1092DC0C1092DD0C10921D
:104F7000DE0C1092620D1092610D8093630D909380
:104F8000640DA093650DB093660D3093600D209372
:104F90005F0D25EC30E030936C0D20936B0D24EC0D
:104FA00030E030936E0D20936D0D20EC30E03093A7
:104FB000700D20936F0D21EC30E03093720D209333
:104FC000710D22EC30E03093740D2093730D26ECBC
:104FD00030E03093760D2093750D1092780D10927D
:104FE000790D10927A0D10927B0D20E52093FC0D27
:104FF0001092FD0D1092030E1092040E1092070EE7
:105000001092090E42E050E060E070E040930A0E1A
:1050100050930B0E60930C0E70930D0E1092210E98
:1050200010922B0E10922A0E2CE233E03093290EB0
:105030002093280E10922D0E10924A0E1092490EB7
:1050400080934B0E90934C0EA0934D0EB0934E0E4A
:1050500088E393E09093480E8093470E68E176E0F2
:1050600085EE90E10E942E1C4EE150E068E070E079
:105070008FEC90E10E94D82683E28093C7102BE04A
:105080002093C81096E09093C91081E08093CE10D1
:1050900034E23093B9102093BA109093BB108093F0
:1050A000C01035E23093AB102093AC109093AD104C
:1050B0008093B2104AE250E06AE070E08FE890E13D
:1050C0000E94D82610928610109285108AE493E0F0
:1050D000909384108093831087E28093871084E1FB
:1050E00080938C1084E080938D1010928E108091AC
:1050F0009D0290919E029C012253310930938210AF
:10510000209381108C599F4F9093801080937F1033
:1051100080919F029091A0029C012253310930930B
:105120007E1020937D108C599F4F90937C1080931C
:105130007B10CBE4D0E168E176E0CE010E942E1C2A
:10514000269680E1CB37D807B1F781E080933F10F6
:10515000809340102FE035E03093421020934110AF
:105160001092441010924310109248101092471061
:1051700010924A1010924910109246101092451049
:1051800080933310B2E0B0933410E2E1F5E0F09395
:105190003610E0933510109238101092371010929C
:1051A0003C1010923B1010923E1010923D10109245
:1051B0003A10109239108093271096E0909328109F
:1051C00025E135E030932A102093291010922C10FD
:1051D00010922B101092301010922F10109232104B
:1051E0001092311010922E1010922D1080931B10DF
:1051F00083E080931C1048E155E050931E104093CB
:105200001D101092201010921F1010922410109256
:105210002310109226101092251010922210109236
:105220002110B0930F1064E0609310104DE155E031
:1052300050931210409311101092141010921310EA
:10524000109218101092171010921A101092191034
:105250001092161010921510AFE0A093031075E095
:105260007093041043E255E05093061040930510EC
:10527000109208101092071010920C1010920B1040
:1052800010920E1010920D1010920A101092091028
:10529000A093F70F9093F80F3093FA0F2093F90F24
:1052A0001092FC0F1092FB0F109200101092FF0F43
:1052B00010920210109201101092FE0F1092FD0F2A
:1052C000A093EB0F6093EC0FC6E2D5E0D093EE0F06
:1052D000C093ED0F1092F00F1092EF0F1092F40F99
:1052E0001092F30F1092F60F1092F50F1092F20F2A
:1052F0001092F10F8093DF0FB093E00FF093E20F65
:10530000E093E10F1092E40F1092E30F1092E80F78
:105310001092E70F1092EA0F1092E90F1092E60F29
:105320001092E50F8093D30F8093D40F5093D60F34
:105330004093D50F1092D80F1092D70F1092DC0F18
:105340001092DB0F1092DE0F1092DD0F1092DA0F29
:105350001092D90F8093C70F7093C80F3093CA0F64
:105360002093C90F1092CC0F1092CB0F1092D00F38
:105370001092CF0F1092D20F1092D10F1092CE0F29
:105380001092CD0F7093BB0F6093BC0FD093BE0FE4
:10539000C093BD0F1092C00F1092BF0F1092C40F98
:1053A0001092C30F1092C60F1092C50F1092C20F29
:1053B0001092C10F7093AF0FB093B00FF093B20F74
:1053C000E093B10F1092B40F1092B30F1092B80F78
:1053D0001092B70F1092BA0F1092B90F1092B60F29
:1053E0001092B50F7093A30F8093A40F5093A60F44
:1053F0004093A50F1092A80F1092A70F1092AC0F18
:105400001092AB0F1092AE0F1092AD0F1092AA0F28
:105410001092A90F7093970FA7E0A093980F309365
:105420009A0F2093990F10929C0F10929B0F10923D
:10543000A00F10929F0F1092A20F1092A10F109226
:105440009E0F10929D0F90938B0F90938C0FD09383
:105450008E0FC0938D0F1092900F10928F0F10929D
:10546000940F1092930F1092960F1092950F109226
:10547000920F1092910F90937F0F8093800FF09373
:10548000820FE093810F1092840F1092830F10927D
:10549000880F1092870F10928A0F1092890F109226
:1054A000860F1092850F9093730F6093740F509333
:1054B000760F4093750F1092780F1092770F10921D
:1054C0007C0F10927B0F10927E0F10927D0F109226
:1054D0007A0F1092790F9093670FA093680F309313
:1054E0006A0F2093690F10926C0F10926B0F10923D
:1054F000700F10926F0F1092720F1092710F109226
:105500006E0F10926D0FA0935B0F90935C0FD09372
:105510005E0FC0935D0F1092600F10925F0F10929C
:10552000640F1092630F1092660F1092650F109225
:10553000620F1092610FA0934F0F8093500FF09362
:10554000520FE093510F1092540F1092530F10927C
:10555000580F1092570F10925A0F1092590F109225
:10556000560F1092550FA093430F6093440F509322
:10557000460F4093450F1092480F1092470F10921C
:105580004C0F10924B0F10924E0F10924D0F109225
:105590004A0F1092490FA093370FB093380F3093F2
:1055A0003A0F2093390F10923C0F10923B0F10923C
:1055B000400F10923F0F1092420F1092410F109225
:1055C0003E0F10923D0F18E010932B0FB0932C0F4D
:1055D000F0932E0FE0932D0F1092300F10922F0F9B
:1055E0001092340F1092330F1092360F1092350F25
:1055F0001092320F1092310F10931F0F8093200FD3
:105600005093220F4093210F1092240F1092230FDA
:105610001092280F1092270F10922A0F1092290F24
:105620001092260F1092250F1093130F7093140FE2
:105630003093160F2093150F1092180F1092170F1A
:1056400010921C0F10921B0F10921E0F10921D0F24
:1056500010921A0F1092190F1093070F9093080FC2
:1056600009E2E02E05E0F02EF0920A0FE092090F19
:1056700010920C0F10920B0F1092100F10920F0F30
:105680001092120F1092110F10920E0F10920D0F18
:1056900009E00093FB0EB093FC0EF093FE0EE09336
:1056A000FD0E1092000F1092FF0E1092040F109238
:1056B000030F1092060F1092050F1092020F109216
:1056C000010F0093EF0E8093F00E5093F20E409373
:1056D000F10E1092F40E1092F30E1092F80E10923A
:1056E000F70E1092FA0E1092F90E1092F60E10921A
:1056F000F50EBBE0B093E30E8093E40E5093E60EFC
:105700004093E50E1092E80E1092E70E1092EC0E08
:105710001092EB0E1092EE0E1092ED0E1092EA0E19
:105720001092E90EB093D70E6093D80E3093DA0E34
:105730002093D90E1092DC0E1092DB0E1092E00E28
:105740001092DF0E1092E20E1092E10E1092DE0E19
:105750001092DD0EB093CB0EA093CC0EA4E3EA2EF4
:10576000A5E0FA2EF092CE0EE092CD0E1092D00E61
:105770001092CF0E1092D40E1092D30E1092D60E1D
:105780001092D50E1092D20E1092D10EB093BF0E81
:105790001093C00EA7E3B5E0B093C20EA093C10E64
:1057A0001092C40E1092C30E1092C80E1092C70E23
:1057B0001092CA0E1092C90E1092C60E1092C50E0B
:1057C000ACE0A093B30E8093B40E5093B60E40930A
:1057D000B50E1092B80E1092B70E1092BC0E109229
:1057E000BB0E1092BE0E1092BD0E1092BA0E109209
:1057F000B90EA093A70E6093A80E3093AA0E209323
:10580000A90E1092AC0E1092AB0E1092B00E109228
:10581000AF0E1092B20E1092B10E1092AE0E109208
:10582000AD0EA0939B0E70939C0ED0939E0EC093D2
:105830009D0E1092A00E10929F0E1092A40E109228
:10584000A30E1092A60E1092A50E1092A20E109208
:10585000A10EADE0A0938F0E8093900E5093920E08
:105860004093910E1092940E1092930E1092980EF7
:105870001092970E10929A0E1092990E1092960E08
:105880001092950EA093830E6093840E3093860E33
:105890002093850E1092880E1092870E10928C0E17
:1058A00010928B0E10928E0E10928D0E10928A0E08
:1058B0001092890EA093770E7093780EAAE3B5E04C
:1058C000B0937A0EA093790E10927C0E10927B0EFC
:1058D0001092800E10927F0E1092820E1092810E06
:1058E00010927E0E10927D0E7EE070936B0E809370
:1058F0006C0EF0936E0EE0936D0E1092700E10927F
:105900006F0E1092740E1092730E1092760E10920B
:10591000750E1092720E1092710E70935F0E60935E
:10592000600E5093620E4093610E1092640E1092BE
:10593000630E1092680E1092670E10926A0E10920B
:10594000690E1092660E1092650E7093530E90932E
:10595000540E3093560E2093550E1092580E1092FE
:10596000570E10925C0E10925B0E10925E0E10920B
:105970005D0E10925A0E1092590EDF91CF911F9129
:105980000F91FF90EF900895CF93DF93CDB7DEB7DF
:10599000CB57D1090FB6F894DEBF0FBECDBF7894B8
:1059A00084B5826084BD84B5816084BD85B5826024
:1059B00085BD85B5816085BD80916E0081608093D5
:1059C0006E0010928100809181008260809381003E
:1059D000809181008160809381008091800081604E
:1059E000809380008091B10084608093B1008091A9
:1059F000B00081608093B0008091910082608093BC
:105A0000910080919100816080939100809190003D
:105A10008160809390008091A10082608093A100BA
:105A20008091A10081608093A1008091A00081609D
:105A30008093A00080912101826080932101809158
:105A400021018160809321018091200181608093F8
:105A5000200180917A00846080937A0080917A009E
:105A6000826080937A0080917A00816080937A00CE
:105A700080917A00806880937A001092C1008FE54F
:105A80009DE00E940B0382EC9CE00E940B0385E2E8
:105A90009CE00E940B031092AD091092AC09109289
:105AA000AB091092AA090E94BA1583E296E090937E
:105AB000A7098093A60984E296E09093A9098093B0
:105AC000A80984E1E8EDF2E0DE01D49601900D92A0
:105AD0008A95E1F78E010C5C1F4F302EE12E680194
:105AE00024E1C20ED11CD801FC9061E08F2D0E94F0
:105AF000F10361E08F2D0E94C3030E5F1F4F0C1551
:105B00001D0589F761E087E00E94F10361E086E00E
:105B10000E94F10361E085E00E94F10361E088E00A
:105B20000E94F10361E089E00E94F10361E08DE2EF
:105B30000E94F10362E086E20E94F10362E087E2E4
:105B40000E94F10362E08CE20E94F10360E08FE1C9
:105B50000E94F10362E089E20E94F10390E080E09C
:105B60000E94EA218093B70287E090E00E94EA2138
:105B70008093A70281E090E00E94EA21B4E08B9F2D
:105B8000C001112490939E0280939D0282E090E0D8
:105B90000E94EA21E4E08E9FC00111249093A002AC
:105BA00080939F0283E090E00E94EA21882309F419
:105BB0003BC6282F30E0A8EEB3E00E94CB446093B0
:105BC0008A0270938B0280938C0290938D0284E002
:105BD00090E00E94EA2191E0811101C090E0909351
:105BE000AA0285E090E00E94EA2190E09093AE0244
:105BF0008093AD0286E090E00E94EA2161E081118D
:105C000001C060E06093B50270E0CE0101960E9491
:105C1000DC1B6091AD027091AE02CE01885B9F4F9C
:105C20000E94DC1B6091AA0270E0CE01825B9F4F54
:105C30000E94DC1B40918A0250918B0260918C0281
:105C400070918D02CE018C5A9F4F0E94851B6091EE
:105C50009F027091A002CE01865A9F4F0E94DC1BCA
:105C600060919D0270919E02CE01805A9F4F0E94CA
:105C7000DC1B6091A702CE018A599F4F0E94B21B84
:105C80006091B702CE0184599F4F0E94B21B68E712
:105C900075E0CE018E589F4F0E942E1CBE016459A4
:105CA0007F4FCE018E589F4F0E94471B6DE975E0D4
:105CB0000E942D1BBE016A597F4F0E94471B6CEA50
:105CC00075E00E942D1BBE01605A7F4F0E94471B4A
:105CD0006CEB75E00E942D1BBE01665A7F4F0E943F
:105CE000471B6BEC75E00E942D1BBE016C5A7F4F69
:105CF0000E94471B61EE75E00E942D1BBE01625B96
:105D00007F4F0E94471B60EF75E00E942D1BBE0174
:105D1000685B7F4F0E94471B60E076E00E942D1B6E
:105D2000BE016F5F7F4F0E94471BAC016FE076E0C2
:105D300090E080E00E94C11FCE018E589F4F0E94CC
:105D4000BF1ACE0184599F4F0E94BF1ACE018A59B3
:105D50009F4F0E94BF1ACE01805A9F4F0E94BF1AC8
:105D6000CE01865A9F4F0E94BF1ACE018C5A9F4F78
:105D70000E94BF1ACE01825B9F4F0E94BF1ACE01C4
:105D8000885B9F4F0E94BF1ACE0101960E94BF1AE6
:105D900060E082E00E94F10385E296E090930502C4
:105DA0008093040280916A00836080936A00EC9A79
:105DB00061E08AE00E94F10361E08AE00E94C3038F
:105DC00080912D0E882321F088E29EE00E944410ED
:105DD0001092090E1092070E1092040E1092030EEC
:105DE00084E08093020E0E9472058B0161E0809135
:105DF000020E0E94F10361E08091020E0E94C30333
:105E0000FFB6F8948091A509811127C0EBE9F5E070
:105E10008491EBE3F5E09491E82FF0E0EE0FFF1FA3
:105E2000E457FB4FA591B491EC91E92321F461E093
:105E300085E30E94C30361E085E30E94F1038CB512
:105E400080618CBD8CB580648CBD61E084E30E9470
:105E5000F10361E083E30E94F1038091A5098F5F64
:105E60008093A509FFBE82E58093FC0D1092FD0D85
:105E70008091FC0D9091FD0D0E94E2085AE0F52EF4
:105E80008FEF0E94BD08FA94F110FACF8EEF9DE0DB
:105E90000E94E50820E030E0A90160E08EEF9DE07F
:105EA0000E94FB08F82E8093080EF1E08F1709F48A
:105EB000C0C40E947205601B710B613D774050F3B6
:105EC00081E08093030E8EEF9DE00E94B208109255
:105ED000BD0269EC73E08FE59DE00E94380666E143
:105EE00076E08FE59DE00E94F91962E081E30E946F
:105EF000F10362E080E30E94F10362E082E30E942A
:105F0000F10360E08EE20E94C30360E08FE20E9432
:105F1000C30381EC90E10E94071483EB90E10E949F
:105F2000071485EA90E10E94071462E080E20E9473
:105F3000F10362E081E20E94F10362E082E20E94EA
:105F4000F10362E082E10E94F10362E083E10E94DA
:105F5000F1032AEA37E130930F0220930E02809179
:105F600069008F73806480936900EB9A30930D020F
:105F700020930C02809169008F7C8061809369007E
:105F8000EA9A8FEC90E10E947D156FEF8FEC90E123
:105F90000E9419148FEC90E10E94AB1462E08BE236
:105FA0000E94F1038FE890E10E947D156FEF8FE86A
:105FB00090E10E9419148FE890E10E94AB141092B6
:105FC000AD091092AC091092AB091092AA090E9477
:105FD000BA1583E296E09093A7098093A60984E21C
:105FE00096E09093A9098093A80910928810809157
:105FF0008D10823018F098E09093881080938B1069
:1060000062E370E080E090E00E94400560918E10B5
:1060100083E890E10E947E1668EE73E080E090E0F5
:106020000E94400560E383E890E10E947C190BE444
:1060300016E4C8010197F1F760E383E890E10E945C
:106040007C19C8010197F1F760E383E890E10E94B1
:106050007C1983E592E00197F1F760E283E890E133
:106060000E947C1960918810606240E083E890E1B2
:106070000E94951984E08093891040E06CE083E8E9
:1060800090E10E9495190E94AC1982E080938A10D9
:1060900040E066E083E890E10E94951940E062E00C
:1060A00083E890E10E9495198BE39FE10197F1F756
:1060B00088E080938E1060E083E890E10E947E1675
:1060C00062E088E20E94F10382EC9CE00E940B03F4
:1060D00088E196E00E94921A89E196E00E94921A65
:1060E0000E94120781E296E00E94921A0E94120713
:1060F0008EE795E090934810809347108FE390E1EE
:1061000090934A108093491082E895E090933C1058
:1061100080933B1083E390E190933E1080933D1079
:1061200085E895E09093301080932F1087E290E1FE
:10613000909332108093311088E895E0909324106A
:10614000809323108BE190E190932610809325108B
:106150008FE895E090931810809317108FE090E1EE
:1061600090931A108093191086E995E090930C1083
:1061700080930B1083E090E190930E1080930D10AC
:106180008AE995E0909300108093FF0F87EF9FE0DE
:10619000909302108093011089EC9CE19093F40F8E
:1061A0008093F30F8BEE9FE09093F60F8093F50FA3
:1061B0008DE995E09093E80F8093E70F8FED9FE0D6
:1061C0009093EA0F8093E90F81EA95E09093DC0FBA
:1061D0008093DB0F83ED9FE09093DE0F8093DD0FC4
:1061E00084EA95E09093D00F8093CF0F87EC9FE0E7
:1061F0009093D20F8093D10F84EE9CE19093C40FC3
:106200008093C30F1092C60F1092C50F88EA95E0D5
:106210009093B80F8093B70F8FEA9FE09093BA0FD7
:106220008093B90F8CEA95E09093AC0F8093AB0FFD
:1062300083EA9FE09093AE0F8093AD0F81EB95E0E2
:106240009093A00F80939F0F87E99FE09093A20FF8
:106250008093A10F82E09DE19093940F8093930F20
:106260001092960F1092950F87EB95E09093880F00
:106270008093870F8FE79FE090938A0F8093890F19
:106280008BEB95E090937C0F80937B0F83E79FE0EF
:1062900090937E0F80937D0F80EC95E09093700F2C
:1062A00080936F0F87E69FE09093720F8093710F3A
:1062B00080E29DE19093640F8093630F1092660FCC
:1062C0001092650F86EC95E09093580F8093570FCE
:1062D0008FE49FE090935A0F8093590F8AEC95E0DA
:1062E00090934C0F80934B0F83E49FE090934E0F5D
:1062F00080934D0F8FEC95E09093400F80933F0F6C
:1063000087E39FE09093420F8093410F85ED95E0E6
:106310009093340F8093330F8BE29FE09093360F6E
:106320008093350F89ED95E09093280F8093270F88
:106330008FE19FE090932A0F8093290F8CED95E0D9
:1063400090931C0F80931B0F83E19FE090931E0F8F
:1063500080931D0F80EE95E09093100F80930F0FA8
:1063600087E09FE09093120F8093110F8BEE95E0E2
:106370009093040F8093030F8BEF9EE09093060F92
:106380008093050F8FEE95E09093F80E8093F70EB3
:106390008FEE9EE09093FA0E8093F90E84E590E2E2
:1063A0009093EC0E8093EB0E83EE9EE09093EE0EB6
:1063B0008093ED0E89E790E29093E00E8093DF0EDC
:1063C00087ED9EE09093E20E8093E10E8FE990E2DC
:1063D0009093D40E8093D30E8BEC9EE09093D60EC8
:1063E0008093D50E8BE091E29093C80E8093C70EF8
:1063F0008FEB9EE09093CA0E8093C90E82EF95E0DA
:106400009093BC0E8093BB0E83EB9EE09093BE0EE8
:106410008093BD0E86EF95E09093B00E8093AF0E03
:1064200087EA9EE09093B20E8093B10E8EE39DE1D9
:106430009093A40E8093A30E8BE99EE09093A60EFA
:106440008093A50E85E098E19093980E8093970E27
:106450008FE89EE090939A0E8093990E8AE098E1DF
:1064600090938C0E80938B0E83E89EE090938E0E1B
:1064700080938D0E8EE098E19093800E80937F0E36
:1064800087E79EE09093820E8093810E89EF95E0DE
:106490009093740E8093730E8BE69EE09093760E2D
:1064A0008093750E8EE096E09093680E8093670E51
:1064B0008FE59EE090936A0E8093690E82E791E2E9
:1064C00090935C0E80935B0E83E59EE090935E0E4E
:1064D00080935D0E8091BD026FE375E0811102C073
:1064E00069E475E0CE0101960E942E1CAE014F5F5B
:1064F0005F4F68E276E090E080E00E94C11FCE012D
:1065000001960E94BF1A6CE474E08FE59DE00E9442
:10651000380666E176E08FE59DE00E94F919FF24D8
:10652000F39482E00E949A038C0181E0013011050E
:1065300009F080E0809372028FE10E949A0321E0CB
:10654000892B09F420E020937402809173020130BA
:10655000110509F00FC2811126C06DE276E0CE016F
:1065600001960E942E1CAE014F5F5F4F67E376E0FD
:1065700090E080E00E94C11FCE0101960E94BF1AE8
:106580001092AC021092AB02F0928002F092810263
:106590008091B5028111F092B3028091A7028130FF
:1065A00011F48093A602809172028093730289E2B3
:1065B0000E949A038C01DD24D394892B09F4D12CF9
:1065C00080911402D81661F00E9472056093AE09A2
:1065D0007093AF098093B0099093B109D0921402DF
:1065E0000E9472058090AE099090AF09A090B0090A
:1065F000B090B109681979098A099B09623371055C
:106600008105910550F181E00115110509F080E047
:106610008093830280918402012B09F0E0C18111F3
:1066200018C063E676E0CE0101960E942E1CAE01F2
:106630004F5F5F4F63E776E090E080E00E94C11F0C
:10664000CE0101960E94BF1A8091820281110E94A0
:106650009017809183028093840286E20E949A03BD
:1066600021E0009709F420E0892B71F48091150254
:10667000882351F08091B702813009F4CFC108F42A
:10668000C7C1823009F4D0C12093150287E20E946D
:106690009A0311E0009709F410E0892B69F48091C6
:1066A0001602882349F08091B609811105C08091B6
:1066B0008E028F250E9468171093160285E29CE0D7
:1066C0000E9451076C01892B09F4EAC185E29CE024
:1066D0000E94B1068A3009F0CDC18091E9109091F5
:1066E000EA10892B09F499C0C090E510D090E6100B
:1066F0006AE370E0C6010E946048009709F48DC00B
:106700008C010C191D0917FD88C068E176E0832D06
:106710009E2D0E942E1C8091E9109091EA10009706
:10672000E9F068018017910708F46C01E091E51029
:10673000F091E610EC0DFD1DB08010826091E51027
:106740007091E610CE01C4960E94081C8091E5105D
:106750009091E610C80ED91ED601BC920F5F1F4F54
:10676000A090E910B090EA10A016B10628F09A2D7A
:106770008B2D5801092F182F68E176E0CE01019684
:106780000E942E1CC090E910D090EA10AC14BD04F9
:10679000F0F40C151D0508F46801E091E510F09186
:1067A000E610EC0DFD1D108110826091E5107091D6
:1067B000E6106A0D7B1DCE0101960E94081C809197
:1067C000E5109091E610C80ED91EF601108388AD31
:1067D00099AD892BD1F00CA91DA968E876E0C80114
:1067E0000E946B48892B09F029C189819A81009701
:1067F00009F420C10E94614021E0613071058105EA
:10680000910509F020E020939002CE0101960E94AC
:10681000BF1ACE01C4960E94BF1A68E176E085EEE9
:1068200090E10E947B1B4ACF60E375E780E090E037
:10683000C6C92AEA31E040E050E068E08EEF9DE012
:106840000E94FB0882FF2AC0F092090E8091090E77
:10685000812C912CA12C30E4B32E823019F0812CA4
:10686000912C540120E030E0A90167E38EEF9DE018
:106870000E94FB08A501940169E28EEF9DE00E9451
:10688000FB088093080E8823D1F00E947205601BDC
:10689000710B613D774030F388E013CB44E0F42E78
:1068A0000E94C4088093080EFA94F110F9CF8A3A36
:1068B00011F082E006CB82E08093090EC7CF809171
:1068C000090E8230D1F420E030E0A9016AE38EEFB6
:1068D0009DE00E94FB08882311F086E0F2CA0E9426
:1068E000C408807C803C19F483E08093090E0E94E8
:1068F000C4080E94C4080E94C4088EEF9DE00E9454
:10690000B20880E58093FC0D1092FD0D81E00E949D
:10691000010B882341F188E29EE00E94B80D882394
:1069200009F4D5CA81E08093BD02CE0101960E9490
:106930004A1FEA8DFB8D309709F4D7CA85818823D9
:1069400009F4D3CA64E374E0CE0101960E943806CC
:106950006DEE73E0CE0101960E943806CE010196DD
:106960000E94C71AC2CA80E00E94010B882309F462
:10697000AECAD1CF882309F416CE6BE376E0CE0100
:1069800001960E942E1CAE014F5F5F4F67E376E0D9
:1069900090E080E00E94C11FCE0101960E94BF1AC4
:1069A0000E94B71960E088E00E94C30360E089E0BC
:1069B0000E94C30310928002109281021092AC02D6
:1069C0001092AB021092A3021092A6021092B30290
:1069D0001092B4021092A5021092C602E4CD882350
:1069E00009F437CE68E776E0CE0101960E942E1CAE
:1069F000AE014F5F5F4F63E776E090E080E00E947A
:106A0000C11FCE0101960E94BF1A0E94841721CE99
:106A10008091B3028F258093B30236CE9091B60257
:106A200089278093B60230CE8091A6028F2580936D
:106A3000A6022ACE60E070E0CB01DECE6DE876E003
:106A4000C8010E946B48892B09F0DFCE89819A81A9
:106A5000009761F00E94614021E06130710581057D
:106A6000910509F020E020939A02CFCE60E070E01B
:106A7000CB01F2CF8D3009F421CE89831A8241E017
:106A800050E0BE016F5F7F4F85EE90E10E94011BD9
:106A90008091E9109091EA10899708F40FCEBDCE4D
:106AA0008091B6098823E9F00E9472050091B2092D
:106AB0001091B3092091B4093091B509601B710B95
:106AC000820B930B653F71408105910550F060E0AA
:106AD0008EE20E94C30360E08FE20E94C303109223
:106AE000B60981E30E949A038C01AA24A394892BFE
:106AF00009F4A12C80E30E949A03BB24B39400976D
:106B000009F4B12C892BD9F4809118028823B9F0AB
:106B100010928E0266E976E0CE0101960E942E1C4C
:106B2000AE014F5F5F4F65EA76E090E080E00E9443
:106B3000C11FCE0101960E94BF1A0E949017012B1F
:106B4000D9F4809117028823B9F0F0928E026AEA94
:106B500076E0CE0101960E942E1CAE014F5F5F4F82
:106B600065EA76E090E080E00E94C11FCE010196C8
:106B70000E94BF1A0E948417A0921702B0921802B6
:106B800082E30E949A0321E0009709F020E020931D
:106B90009102892B19F58091920281111FC00E94E8
:106BA0007205609393027093940280939502909380
:106BB000960267E674E08FE59DE00E9438060E9429
:106BC0007205AB01BC012AE08FE59DE00E94081A26
:106BD00066E176E08FE59DE00E94F91980919102CF
:106BE0008093920280919002882309F180918E0215
:106BF0008823E9F080917202811119C066EB76E07A
:106C0000CE0101960E942E1CAE014F5F5F4F65EAD8
:106C100076E090E080E00E94C11FCE0101960E94C4
:106C2000BF1A8091B609811102C00E946817809135
:106C30008502882311F19090BC09911023C00E9415
:106C4000720500918602109187022091880230918E
:106C50008902601B710B820B930B00918A021091C9
:106C60008B0220918C0230918D020617170728079E
:106C7000390708F06DC00E9484179090BC099920D4
:106C800009F466C00E9472050091B8091091B90913
:106C90002091BA093091BB09601B710B820B930BD9
:106CA000683071058105910508F452C00E94720593
:106CB0006093B8097093B9098093BA099093BB099E
:106CC0008091B709492D55E0450290011124820FAA
:106CD000932F911D10E097FD07C08F3F910519F08C
:106CE00014F08FEF90E0182F1093B709612F70E028
:106CF00085E00E942D04B12CA12C0091BC022091B2
:106D0000BB024091BA02B5018FE890E10E945B148A
:106D10008FEFA81AB80A9AE0A916B10471F7612F8B
:106D20008FE890E10E9419148FE890E10E94AB1463
:106D3000191424F41F3F11F41092BC098091BC096E
:106D400087FF06C0111104C01092BC091092850281
:106D500080917202882309F419C20E947205009181
:106D6000BD091091BE092091BF093091C009601B77
:106D7000710B820B930B643F71408105910508F400
:106D800056C00E9472056093BD097093BE0980933E
:106D9000BF099093C00988E30E9404059C01A0E00C
:106DA000BCEF0E942E4620E034E040E050E00E941C
:106DB0007F44DA01C9019C5FAF4FBF4F8C019093B4
:106DC0009C0280939B028CE20E949A03019709F037
:106DD00079C010929702B09097026B2D88E00E94C4
:106DE000C3036B2D6F2589E00E94C303BB20F9F01C
:106DF00080919802811169C08091811090918210D8
:106E00000817190714F4F0929802809198028823C9
:106E100009F46EC080919902811162C080917D1049
:106E200090917E100817190714F4F09299020E94AD
:106E300072050091C1091091C2092091C3093091D6
:106E4000C409601B710B820B930B68397A4381056F
:106E5000910508F454C00E9472056093C1097093B3
:106E6000C2098093C3099093C40981EC90E10E9408
:106E70004B185C0183EB90E10E944B188C0185EA72
:106E800090E10E944B18E9E1AE16ECEFBE0611F45A
:106E9000B12CA12CB092B202A092B1020931FCEF48
:106EA0001F0709F46FC089312CEF920721F1800F81
:106EB000911F97FD0196959587959093B0028093C9
:106EC000AF021DC0F092970286CF80917F10909103
:106ED0008010801791070CF098CF1092980295CFF0
:106EE00080917B1090917C10801791070CF09FCFC0
:106EF000109299029CCF1093B0020093AF02F894C5
:106F00002091C5091092C50978942223B1F080918F
:106F1000AD029091AE02820F911D27FD9A958F319F
:106F2000910514F08EE190E08A30910514F48AE026
:106F300090E09093AE028093AD0280E20E949A03AB
:106F4000892B31F181E20E949A03892B21F182E29F
:106F50000E949A03892B11F190E080E02091AA020F
:106F6000222359F04091AF025091B0022091AD021E
:106F70003091AE0224173507A4F49093AC028093AD
:106F8000AB0213C089313CEF930709F096CFB7CF1E
:106F900082E090E0E3CF81E090E0E0CF83E090E01A
:106FA000DDCF1092AC021092AB02A090AB02B09079
:106FB000AC0261E041E0A416B10409F460E08AE1AA
:106FC0000E94C30361E052E0A516B10409F460E039
:106FD0008BE10E94C30361E083E0A816B10409F4C9
:106FE00060E08CE10E94C30380918502811119C089
:106FF000809172028111F7C2B12CA12C00E020E037
:1070000040E0B5018FE890E10E945B149FEFA91A60
:10701000B90AAAE0AA16B10489F78FE890E10E94A4
:10702000AB1488E20E949A0311E0009709F410E083
:10703000892B81F480911A02882361F08091B80233
:1070400090E0019665E070E00E9412468093B802DD
:107050000E94AC1910931A020E9472050091C60991
:107060001091C7092091C8093091C909601B710BA3
:10707000820B930B643F714081059105E8F00E94FB
:1070800072056093C6097093C7098093C8099093ED
:10709000C9098091B9029091B8029111B7C78111C5
:1070A0000E94B7198091B802823009F478C308F0C1
:1070B000ECC2813009F43AC30E945D070E94720558
:1070C0004B015C018091000A60919D0270919E02CB
:1070D000811131C47093FF096093FE0980919F0272
:1070E0009091A0029093FD098093FC0980918A02FF
:1070F00090918B02A0918C02B0918D028093F8093F
:107100009093F909A093FA09B093FB098091B70213
:107110008093F7098091B5028093F6098091A702C8
:107120008093F5098091AA028093F4098091AD02C1
:107130009091AE029093F3098093F209F092000AC5
:107140008091750290917402992309F401C781110D
:1071500019C064E478E0CE0101960E942E1CAE01B5
:107160004F5F5F4F62E578E090E080E00E94C11FD2
:10717000CE0101960E94BF1A8091A702823011F4BD
:10718000F092A60280917402809375028BE20E94B5
:107190009A0311E0009709F410E0892B59F48091CB
:1071A0001B02882339F08091A8028F258093A802C2
:1071B0000E94DE1710931B020E94720500910C0AB8
:1071C00010910D0A20910E0A30910F0A601B710B6D
:1071D000820B930B653F71408105910508F404C74C
:1071E0000E94720560930C0A70930D0A80930E0A38
:1071F00090930F0A609180026F258DE20E94C30375
:10720000609181026F258DE10E94C30380919702F6
:10721000882309F4B4C6609199026F2585E30E9422
:10722000C303609198026F2583E30E94C3036091BA
:10723000B3026F2586E10E94C3036091B4026F25FB
:1072400087E10E94C30361E08091A502811160E0A3
:1072500089E10E94C3038091850281110BC0809156
:10726000A6026FEF70E0811102C070E060E086E07E
:107270000E942D046091B6026F2588E10E94C3032D
:107280008091C602882371F02091C70230E0AFEFF1
:10729000B0E00E94CB4424E630E040E050E00E94A1
:1072A0007F446901B60187E00E942D04809172023B
:1072B00081110E94EC2164E678E085E29CE00E9466
:1072C0008A1A4091720250E070E060E085E29CE032
:1072D0000E94541A66E176E085E29CE00E94F9196A
:1072E00069E678E085E29CE00E948A1A40918E026D
:1072F00050E070E060E085E29CE00E94541A66E194
:1073000076E085E29CE00E94F9198091010A8823C9
:1073100021F08091BD02811138C61092010A0E94AD
:1073200072050091070A1091080A2091090A30910C
:107330000A0A601B710B820B930B603D774081053D
:10734000910508F451C60E9472056093070A709374
:10735000080A8093090A90930A0A87E30E940405A9
:107360002CE83CE3DC010E9436462FEF33E040E09E
:1073700050E00E947F44CA01B9010E944C4320E0C2
:1073800030E04AE754E40E9447454B015C016091BC
:10739000C8027091C902072E000C880B990B0E943D
:1073A0004C432DEC3CEC4CEC5DE30E94AB439B0169
:1073B000AC01C501B4010E94DB444B015C01809229
:1073C000760290927702A0927802B0927902209190
:1073D0007A0230917B0240917C0250917D020E94A2
:1073E000454387FFFBC58091060A8823E9F11DAA62
:1073F0001CAA1FAA1EAA19AE18AE8E010F5F1F4F3E
:1074000022E044E0C501B4010E944340BC01CE012A
:10741000C4960E94081C6FE678E0C8010E942E1CEA
:10742000BE016C5C7F4FC8010E94471B6DE778E08E
:107430000E942D1BAC016FE778E081E090E00E9494
:10744000C11FC8010E94BF1ACE01C4960E94BF1A74
:107450000E9472056093020A7093030A8093040AE3
:107460009093050A1092060A0E9472050091020A82
:107470001091030A2091040A3091050A601B710BD8
:10748000820B930B69397A438105910508F4ACC5E9
:107490000E9472056093020A7093030A8093040AA3
:1074A0009093050A20917A0230917B0240917C02F0
:1074B00050917D02609176027091770280917802FE
:1074C000909179020E94454387FF8EC580917F028B
:1074D00081118AC587E30E9404052CE83CE3DC01A6
:1074E0000E9436462FEF33E040E050E00E947F4498
:1074F000CA01B9010E944C4320E030E04AE754E45D
:107500000E9447454B015C016091C8027091C9021D
:10751000072E000C880B990B0E944C432DEC3CEC81
:107520004CEC5DE30E94AB439B01AC01C501B4018F
:107530000E94DB4460937602709377028093780216
:107540009093790282E00E949A0321E081309105B4
:1075500009F020E020937202019709F03AC50E94D9
:107560005D070E94EC2168EE73E080E090E00E94ED
:107570004005F0927E0260917602709177028091D0
:107580007802909179021DAA1CAA1FAA1EAA19AE00
:1075900018AE8E010F5F1F4F22E044E00E9443406F
:1075A000BC01CE01C4960E94081C64E878E0C801C2
:1075B0000E942E1CBE016C5C7F4FC8010E94471BBD
:1075C0006DE778E00E942D1BAC016FE778E081E069
:1075D00090E00E94C11FC8010E94BF1ACE01C4964C
:1075E0000E94BF1A5FCF4091B302419500E020E0B6
:1075F00061E070E08FE890E10E945B142091A302AB
:10760000219540E062E070E08FE890E10E945B1419
:107610000091A502011106E920E040E063E070E07E
:107620008FE890E10E945B144091B4024195042FD1
:1076300020E064E070E08FE890E10E945B1421E0BC
:107640001A141B040CF020E0219500E040E065E0F6
:1076500070E08FE890E10E945B148091AD02909100
:10766000AE0224E6181619060CF020E0022F40E0C6
:1076700066E070E08FE890E10E945B14609119026F
:107680008FE890E10E941914C8CC833009F496C0A9
:10769000843009F011CD60E080E00E94C2196FEFE4
:1076A00076E083E890E10E948A1A8091970266E66C
:1076B00075E0811102C06BE675E083E890E10E94FD
:1076C0008A1A60E08CE00E94C21940919B0250919E
:1076D0009C02052E000C660B770B83E890E10E945C
:1076E000541A61E080E00E94C21966E077E083E806
:1076F00090E10E948A1A8091980260E775E08111FA
:1077000002C064E775E083E890E10E948A1A6BE0AA
:1077100077E083E890E10E948A1A8091990260E7FD
:1077200075E0811137C064E775E034C060E080E047
:107730000E94C21962ED76E083E890E10E948A1A05
:107740004091AF025091B002052E000C660B770BF2
:1077500083E890E10E94541A68ED76E083E890E1B6
:107760000E948A1A61E080E00E94C2196DED76E005
:1077700083E890E10E948A1A4091AD025091AE02D6
:10778000052E000C660B770B83E890E10E94541ADB
:1077900068ED76E083E890E10E948A1A8DCC60E083
:1077A00080E00E94C21963EE76E083E890E10E94D7
:1077B0008A1A4091B1025091B202E2CF60E080E0BB
:1077C0000E94C21969EE76E083E890E10E948A1A6D
:1077D0008090760290907702A0907802B090790223
:1077E000A5019401C501B4010E94ED4560EF76E06A
:1077F00081111AC024013501E89477F82FEF3FEF8B
:107800004FE75FE7C301B2010E94ED45811113C04C
:107810002FEF3FEF4FE75FE7C301B2010E944543FF
:1078200018164CF464EF76E083E890E10E94F919B1
:107830006CEF76E0AFCF2FEF3FEF4FE75FE4C5018E
:10784000B4010E94E84518161CF468EF76E0ECCF0E
:107850002FEF3FEF4FE75FECC501B4010E944543B6
:1078600087FDF3CF20E030E0A901C501B4010E94FB
:10787000454387FF0AC041E06DE283E890E10E9442
:107880009519B7FAB094B7F8B0942AE037ED43EA07
:107890005BE3C501B4010E94DB442B013C010E9463
:1078A000B9454B015C010E944A439B01AC01C301F5
:1078B000B2010E94DA442B013C012AE0B501A40187
:1078C00083E890E10E94081A41E06EE283E890E1CB
:1078D0000E94951920E030E040E251E4C301B2017A
:1078E0000E94AB432B013C010E94B9454B01B12CD6
:1078F000A12C2AE0B501A40183E890E10E94081AB6
:10790000C501B4010E944A439B01AC01C301B2010D
:107910000E94DA4420E030E040E251E40E94AB43B0
:107920000E94B945AB0170E060E02AE083E890E195
:107930000E94081A7DCF8091FE099091FF09681777
:10794000790709F4B7C07093FF096093FE0980922C
:10795000EE099092EF09A092F009B092F109F0922D
:10796000ED0960919F027091A0028091FC099091B5
:10797000FD096817790709F4EBC07093FD0960935E
:10798000FC098092E9099092EA09A092EB09B09271
:10799000EC09F092E80960918A0270918B02809163
:1079A0008C0290918D020091F8091091F9092091B3
:1079B000FA093091FB09601771078207930709F4F0
:1079C00015C16093F8097093F9098093FA099093AF
:1079D000FB098092E4099092E509A092E609B09231
:1079E000E709F092E3096091B7028091F7096817FF
:1079F00009F458C16093F7098092DF099092E00979
:107A0000A092E109B092E209F092DE096091B5021C
:107A10008091F609681709F489C16093F60980928C
:107A2000DA099092DB09A092DC09B092DD09F092AC
:107A3000D9096091A7028091F509681709F4BBC1C3
:107A40006093F5098092D5099092D609A092D70942
:107A5000B092D809F092D4096091AA028091F409F9
:107A6000681709F4ECC16093F4098092D0099092F0
:107A7000D109A092D209B092D309F092CF096091B6
:107A8000AD027091AE028091F2099091F3096817EE
:107A9000790709F419C27093F3096093F20980928F
:107AA000CB099092CC09A092CD09B092CE09F09268
:107AB000CA0946CB8091ED09882309F452CF809101
:107AC000EE099091EF09A091F009B091F10924011C
:107AD0003501481A590A6A0A7B0AD301C20188395A
:107AE0009A43A105B10508F43CCF77FF02C06D5F52
:107AF0007F4F759567957595679581E090E00E9439
:107B0000D62160919D0270919E02CE0101960E9445
:107B1000DC1B62E177E0CE01C4960E942E1CBE0100
:107B20006F5F7F4FCE01C4960E94471BAC016FE090
:107B300076E090E080E00E94C11FCE01C4960E94D2
:107B4000BF1ACE0101960E94BF1A1092ED0909CF0B
:107B50008091E809882309F41ECF8091E90990916A
:107B6000EA09A091EB09B091EC0924013501481A0A
:107B7000590A6A0A7B0AD301C20188399A43A105CE
:107B8000B10508F408CF77FF02C06D5F7F4F759590
:107B900067957595679582E090E00E94D621609187
:107BA0009F027091A002CE0101960E94DC1B6FE340
:107BB00077E0CE01C4960E942E1CBE016F5F7F4FFE
:107BC000CE01C4960E94471BAC016FE076E090E0C6
:107BD00080E00E94C11FCE01C4960E94BF1ACE0150
:107BE00001960E94BF1A1092E809D5CE2091E309B0
:107BF000222309F4F8CE4090E4095090E509609002
:107C0000E6097090E709A501940124193509460990
:107C1000570928393A434105510508F4E4CE15E0E7
:107C20006838B3E17B078105910578F01FEF611596
:107C3000E8EE7E07E3E08E07910538F428EE33E0A6
:107C400040E050E00E94A944122F612F83E090E0B1
:107C50000E94D621612FCE0101960E94B21B60E7DF
:107C600077E0CE01C4960E942E1CBE016F5F7F4F4D
:107C7000CE01C4960E94471B64EB73E00E942D1B4B
:107C8000AC016FE076E090E080E00E94C11FCE0181
:107C9000C4960E94BF1ACE0101960E94BF1A10928C
:107CA000E309A1CE8091DE09882309F4AFCE80914B
:107CB000DF099091E009A091E109B091E209240166
:107CC0003501481A590A6A0A7B0AD301C201883968
:107CD0009A43A105B10508F499CE90E080E00E9496
:107CE000D6216091B702CE0101960E94B21B6AE8CC
:107CF00077E0CE01C4960E942E1CBE016F5F7F4FBD
:107D0000CE01C4960E94471BAC016FE076E090E084
:107D100080E00E94C11FCE01C4960E94BF1ACE010E
:107D200001960E94BF1A1092DE0970CE8091D90987
:107D3000882309F47ECE8091DA099091DB09A09125
:107D4000DC09B091DD0924013501481A590A6A0A93
:107D50007B0AD301C20188399A43A105B10508F411
:107D600068CE86E090E00E94D6216091B50270E076
:107D7000CE0101960E94DC1B60EB77E0CE01C49639
:107D80000E942E1CBE016F5F7F4FCE01C4960E94E1
:107D9000471BAC016FE076E090E080E00E94C11FDD
:107DA000CE01C4960E94BF1ACE0101960E94BF1A4E
:107DB0001092D9093ECE8091D409882309F44CCE83
:107DC0008091D5099091D609A091D709B091D80991
:107DD00024013501481A590A6A0A7B0AD301C201F3
:107DE00088399A43A105B10508F436CE87E090E0C2
:107DF0000E94D6216091A702CE0101960E94B21B7B
:107E000069ED77E0CE01C4960E942E1CBE016F5F23
:107E10007F4FCE01C4960E94471BAC016FE076E015
:107E200090E080E00E94C11FCE01C4960E94BF1A5C
:107E3000CE0101960E94BF1A1092D4090DCE8091F6
:107E4000CF09882309F41BCE8091D0099091D109E4
:107E5000A091D209B091D30924013501481A590AD9
:107E60006A0A7B0AD301C20188399A43A105B10588
:107E700008F405CE84E090E00E94D6216091AA0229
:107E800070E0CE0101960E94DC1B6BEF77E0CE0123
:107E9000C4960E942E1CBE016F5F7F4FCE01C49618
:107EA0000E94471BAC016FE076E090E080E00E940A
:107EB000C11FCE01C4960E94BF1ACE0101960E9436
:107EC000BF1A1092CF09DBCD8091CA09882309F42B
:107ED00037C98091CB099091CC09A091CD09B0917F
:107EE000CE09881A990AAA0ABB0A38E983163AE326
:107EF0009306A104B10408F423C985E090E00E9430
:107F0000D6216091AD027091AE02CE0101960E9421
:107F1000DC1B6EE178E0CE01C4960E942E1CBE01EF
:107F20006F5F7F4FCE01C4960E94471BAC016FE08C
:107F300076E090E080E00E94C11FCE01C4960E94CE
:107F4000BF1ACE0101960E94BF1A1092CA09F8C842
:107F5000882309F417C966E578E0CE0101960E94EE
:107F60002E1CAE014F5F5F4F62E578E090E080E04D
:107F70000E94C11FCE0101960E94BF1A03C961E091
:107F800085E30E94C30361E04FC9CE0101960E94C0
:107F90004A1FEA8DFB8D309729F0858110E006E0BD
:107FA000811103C01092BD02B8C98091010A18174F
:107FB00058F4109FB0011124655B7F4ECE010196ED
:107FC0000E942A061F5FF1CFCE0101960E94C71AB8
:107FD000A4C960E177E280E090E0C9CAF092060AA5
:107FE00010927F0210927E028091720281110AC06B
:107FF00080918502811106C080919002811102C09A
:1080000010920B0A0E9483080C94913281114AC885
:10801000F092B90288E080938E1060E083E890E1EE
:108020000E947E163FC8CF93DF93CBE7D0E126971F
:10803000CE010E94BF1A80E1CB34D807C1F78091EE
:108040009810909199100E94D94680919510909126
:10805000961097FD03C060E00E94F1038091D81054
:108060009091D9100E94D9468091D5109091D61048
:1080700097FD03C060E00E94F10385EE90E1DF917F
:10808000CF910C94BF1AEF920F931F93CF93DF936E
:10809000E80134E047FD34E1042E000C550B57FF96
:1080A00003C0519541955109E32E022F242FAE01B3
:1080B0000E94E440CE01DF91CF911F910F91EF908C
:1080C00008951F93FC0199278827BC01E89411911A
:1080D0001032E9F3193010F01E30C8F31B3251F0A2
:1080E0001D3249F4689406C00E949340610F711DCF
:1080F000811D911D119110531A30B0F33EF49095EB
:108100008095709561957F4F8F4F9F4F1F91089578
:10811000BB274A3031F4992322F4BDE29095819532
:108120009F4F0C94CB40592F482F372F262F660F87
:10813000771F881F991F660F771F881F991F620F6F
:10814000731F841F951F660F771F881F991F08953F
:10815000BB27FA01A62F6217710581059105330B24
:1081600030FB66F0AA27660F771F881F991FAA1F8A
:10817000A21710F0A21B63953850A9F7A05DAA338F
:1081800008F0A95DA19336F7B111B1931082CA012D
:108190000C943543BB27FB015527AA27880F991F4D
:1081A000AA1FA41710F0A41B83955051B9F7A05D26
:1081B000AA3308F0A95DA193009779F7B111B193A3
:1081C0001192CB010C9435438F929F92AF92BF9244
:1081D000CF92DF92EF92FF920F931F93CF93DF9393
:1081E00000D000D000D0CDB7DEB76A01F22EB02E9D
:1081F000102FFBE3AF2EA01608F41BE31F5F012F27
:1082000027E0AE014F5F5F4F0E945D42BC01898154
:10821000982F9970913009F44EC09BE2E1FC04C0A4
:108220009E2D9170E0FC49C05E2D5071E82FE870E2
:1082300083FF55C084E0911101C083E0EF2DE81B5E
:108240008F1508F0E0E0D6018E2F20E25523C9F10A
:10825000992329F0D6019C93C60101966C019601E1
:108260002D5F3F4FE2FE33C08EE4D6018C9391E444
:1082700011969C93119712968C93D9018E2F90E2B0
:1082800081112AC0E20FF32FF11D10828EEF9FEFB4
:1082900029960FB6F894DEBF0FBECDBFDF91CF9108
:1082A0001F910F91FF90EF90DF90CF90BF90AF9014
:1082B0009F908F9008959DE2B7CF90E2B5CF2D9318
:1082C00081508111FCCFCE0ED11CE0E0C1CF8EE6F3
:1082D000D6018C9391E6CCCF9D938150D1CF482F7E
:1082E000447082FF3DC084E0911101C083E08F158E
:1082F00010F4EF2DE81BD6018E2F20E2552309F153
:10830000992329F0D6019C93C60101966C01960130
:108310002D5F3F4FE2FE1BC089E4D6018C938EE4B3
:1083200011968C93119786E412968C93D9018E2F17
:1083300090E2882309F4A6CF9D938150FACF2D9324
:1083400081508111FCCFCE0ED11CE0E0D9CF89E65F
:10835000D6018C938EE611968C93119786E6E4CF26
:108360009B0177FF02C030E020E0A1E0B0E0911176
:1083700002C0B0E0A0E0F9013196AE0FBF1F8B2C18
:10838000912CBB2009F461C05401EFEFAE1ABE0A74
:10839000AA0DBB1DFA161B0619F014F04F2D4A1B2F
:1083A000511188C0E3FC59C07601A42FB0E2A1119D
:1083B0004FC0C40ED11C992309F45BC040E0D60124
:1083C0001196F60190836D01552309F448C0012FE1
:1083D000060F9A81582F507184FF03C0913309F41E
:1083E000015010160CF047C0093008F008E0EEE22A
:1083F000FE2E5B01A01AB108850191948194910829
:108400002F3F320729F4D601FC92F60131966F0115
:108410006217730794F1021713077CF5DB01A21BA7
:10842000B30BAA24A394B12CAC0EBD1EAA0DBB1D88
:1084300011968C9121503109D601119628153905D4
:10844000F4F0F60180836D01DBCFB12CA12CA0CF1D
:10845000F701B1937F01A150AACF9111B0CFD601FE
:10846000942F50E302C05D9391509111FCCFC40E44
:10847000D11C40E0ACCF01E0BACF80E3DBCF621784
:10848000730731F4963388F4953311F4552369F06A
:10849000F6018083FD01842F90E2811108C0A40FB2
:1084A000B11D1C9290E080E0F3CE81E3F1CF919377
:1084B0008150F3CF911183CF8ACF283008F027E085
:1084C0003327DA01990F311D87FD91600096610510
:1084D000710539F432602E5F3D9330E32A95E1F760
:1084E00008959F3F30F080387105610509F03C5FC9
:1084F0003C5F3D93913008F08068911DDF93CF93EE
:108500001F930F93FF92EF92192F987F9695E92F63
:1085100096959695E90FFF27E251FD4F992733274E
:10852000EE24FF24A701E70105900894079428F49E
:10853000360FE71EF81E491F511D660F771F881F53
:10854000991F0694A1F70590079428F4E70EF81EEA
:10855000491F561FC11D770F881F991F661F06945C
:10856000A1F70590079428F4F80E491F561FC71F5E
:10857000D11D880F991F661F771F0694A1F70590DC
:10858000079420F4490F561FC71FD81F990F661F65
:10859000771F881F0694A9F784911095177041F0F2
:1085A000D695C79557954795F794E7941A95C1F7CF
:1085B000E4E9F2E0689415901591359165919591F3
:1085C00005907FE27395E118F10A430B560BC90B36
:1085D000D009C0F7E10CF11E431F561FC91FD01D63
:1085E0007EF4703311F48A95E6CFE894015030F0B0
:1085F000080F0AF40027021708F4202F2395022FF2
:108600007A3328F079E37D932A95E9F710C07D93BA
:108610002A9589F606949795679537951795179437
:10862000E118F10A430B560BC90BD00998F02395BA
:108630007E9173957A3308F070E37C932013B8F73A
:108640007E9170617D9330F0839571E37D9370E34B
:108650002A95E1F71124EF90FF900F911F91CF9190
:10866000DF91992787FD90950895DC01FC01672F24
:1086700071917723E1F7329704C07C916D937083F9
:108680006291AE17BF07C8F308950E94874308F4AC
:1086900081E00895E89409C097FB3EF49095809599
:1086A000709561957F4F8F4F9F4F9923A9F0F92FB8
:1086B00096E9BB279395F695879577956795B79536
:1086C000F111F8CFFAF4BB0F11F460FF1BC06F5F1C
:1086D0007F4F8F4F9F4F16C0882311F096E911C02E
:1086E000772321F09EE8872F762F05C0662371F04F
:1086F00096E8862F70E060E02AF09A95660F771F63
:10870000881FDAF7880F9695879597F90895990F3E
:108710000008550FAA0BE0E8FEEF16161706E8074B
:10872000F907C0F012161306E407F50798F0621B6C
:10873000730B840B950B39F40A2661F0232B242B41
:10874000252B21F408950A2609F4A140A6958FEF60
:10875000811D811D08950E94BE430C942F440E94E8
:10876000214438F00E94284420F0952311F00C9405
:1087700018440C941E4411240C9463440E944044F9
:1087800070F3959FC1F3950F50E0551F629FF00164
:10879000729FBB27F00DB11D639FAA27F00DB11D7D
:1087A000AA1F649F6627B00DA11D661F829F222706
:1087B000B00DA11D621F739FB00DA11D621F839F8D
:1087C000A00D611D221F749F3327A00D611D231F63
:1087D000849F600D211D822F762F6A2F11249F57B1
:1087E00050409AF0F1F088234AF0EE0FFF1FBB1FB4
:1087F000661F771F881F91505040A9F79E3F510573
:1088000080F00C9418440C9463445F3FE4F3983E6A
:10881000D4F3869577956795B795F795E7959F5F1C
:10882000C1F7FE2B880F911D9695879597F90895AE
:1088300097F99F6780E870E060E008959FEF80EC13
:10884000089500240A9416161706180609060895B6
:1088500000240A9412161306140605060895092E1C
:108860000394000C11F4882352F0BB0F40F4BF2B8B
:1088700011F460FF04C06F5F7F4F8F4F9F4F0895CB
:1088800057FD9058440F551F59F05F3F71F04795C1
:10889000880F97FB991F61F09F3F79F087950895A6
:1088A000121613061406551FF2CF4695F1DF08C0C5
:1088B000161617061806991FF1CF869571056105E2
:1088C00008940895E894BB2766277727CB0197F98A
:1088D0000895F999FECF92BD81BDF89A992780B588
:1088E0000895262FF999FECF1FBA92BD81BD20BDF4
:1088F0000FB6F894FA9AF99A0FBE01960895052ECC
:1089000097FB1EF400940E94964457FD07D00E94E6
:10891000A94407FC03D04EF40C949644509540951E
:10892000309521953F4F4F4F5F4F0895909580951B
:10893000709561957F4F8F4F9F4F08950E94CB4454
:10894000A59F900DB49F900DA49F800D911D1124A3
:108950000895A1E21A2EAA1BBB1BFD010DC0AA1F80
:10896000BB1FEE1FFF1FA217B307E407F50720F098
:10897000A21BB30BE40BF50B661F771F881F991F13
:108980001A9469F760957095809590959B01AC015C
:10899000BD01CF010895A29FB001B39FC001A39F65
:1089A000700D811D1124911DB29F700D811D112428
:1089B000911D08955058BB27AA270E94F2440C9499
:1089C0002F440E94214438F00E94284420F039F4BA
:1089D0009F3F19F426F40C941E440EF4E095E7FB37
:1089E0000C941844E92F0E94404458F3BA176207C8
:1089F00073078407950720F079F4A6F50C94624478
:108A00000EF4E0950B2EBA2FA02D0B01B9019001A9
:108A10000C01CA01A0011124FF27591B99F0593FED
:108A200050F4503E68F11A16F040A22F232F342F35
:108A30004427585FF3CF469537952795A795F04083
:108A40005395C9F77EF41F16BA0B620B730B840B98
:108A5000BAF09150A1F0FF0FBB1F661F771F881F50
:108A6000C2F70EC0BA0F621F731F841F48F48795A8
:108A700077956795B795F7959E3F08F0B0CF93959A
:108A8000880F08F09927EE0F9795879508950E9413
:108A90005B450C942F440E94284458F00E942144C6
:108AA00040F029F45F3F29F00C94184451110C94C4
:108AB00063440C941E440E94404468F39923B1F32C
:108AC000552391F3951B550BBB27AA2762177307F4
:108AD000840738F09F5F5F4F220F331F441FAA1F88
:108AE000A9F335D00E2E3AF0E0E832D09150504044
:108AF000E695001CCAF72BD0FE2F29D0660F771FF2
:108B0000881FBB1F261737074807AB07B0E809F0D7
:108B1000BB0B802DBF01FF2793585F4F3AF09E3F5C
:108B2000510578F00C9418440C9463445F3FE4F3CF
:108B3000983ED4F3869577956795B795F7959F5F9F
:108B4000C9F7880F911D9695879597F90895E1E0EB
:108B5000660F771F881FBB1F621773078407BA074A
:108B600020F0621B730B840BBA0BEE1F88F7E095A5
:108B700008950E94484488F09F5798F0B92F99278C
:108B8000B751B0F0E1F0660F771F881F991F1AF0F8
:108B9000BA95C9F714C0B13091F00E946244B1E0B7
:108BA00008950C946244672F782F8827B85F39F0B6
:108BB000B93FCCF3869577956795B395D9F73EF491
:108BC00090958095709561957F4F8F4F9F4F089539
:108BD0000E94874308F48FEF08950E948743880B13
:108BE000990B0895991B79E004C0991F961708F016
:108BF000961B881F7A95C9F780950895AA1BBB1B01
:108C000051E107C0AA1FBB1FA617B70710F0A61B8C
:108C1000B70B881F991F5A95A9F780959095BC01AD
:108C2000CD01089597FB072E16F4009407D077FD29
:108C300009D00E94FE4507FC05D03EF49095819531
:108C40009F4F0895709561957F4F0895EE0FFF1F18
:108C5000881F8BBF0790F691E02D19940E94CB449A
:108C6000332312F48A1B9B0B0C9438460E94CB448E
:108C7000B7FF0895821B930B08950F931F93CF9313
:108C8000DF938230910510F482E090E0E091ED10E6
:108C9000F091EE1030E020E0B0E0A0E0309799F4E1
:108CA0002115310509F44AC0281B390B2430310540
:108CB000D8F58A819B816115710589F1FB01938348
:108CC0008283FE0111C040815181028113814817C6
:108CD0005907E0F04817590799F4109761F0129678
:108CE0000C93129713961C933296CF01DF91CF917C
:108CF0001F910F9108950093ED101093EE10F4CF93
:108D00002115310551F04217530738F0A901DB0155
:108D10009A01BD01DF01F801C1CFEF01F9CF9093B6
:108D2000EE108093ED10CDCFFE01E20FF31F819383
:108D300091932250310939832883D7CF2091EB10AA
:108D40003091EC10232B41F42091CC023091CD02D4
:108D50003093EC102093EB102091CA023091CB029B
:108D60002115310541F42DB73EB74091CE02509107
:108D7000CF02241B350BE091EB10F091EC10E217C1
:108D8000F307A0F42E1B3F0B2817390778F0AC012E
:108D90004E5F5F4F2417350748F04E0F5F1F50930B
:108DA000EC104093EB10819391939FCFF0E0E0E0C3
:108DB0009CCFCF93DF930097E9F0FC0132971382A9
:108DC0001282A091ED10B091EE10ED0130E020E0A4
:108DD0001097A1F420813181820F931F2091EB1015
:108DE0003091EC102817390709F061C0F093EC10AE
:108DF000E093EB10DF91CF910895EA01CE17DF07E2
:108E0000E8F54A815B819E0141155105B1F7E90101
:108E1000FB83EA8349915991C40FD51FEC17FD07D5
:108E200061F4808191810296840F951FE9019983F5
:108E30008883828193819B838A83F0E0E0E01296AD
:108E40008D919C9113970097B9F52D913C911197B5
:108E5000CD010296820F931F2091EB103091EC1000
:108E60002817390739F6309751F51092EE10109205
:108E7000ED10B093EC10A093EB10BCCFD383C28362
:108E800040815181840F951FC817D90761F44E5F47
:108E90005F4F88819981480F591F518340838A8190
:108EA0009B81938382832115310509F0B0CFF09324
:108EB000EE10E093ED109ECFFD01DC01C0CF1382D8
:108EC0001282D7CF4F925F926F927F928F929F9232
:108ED000AF92BF92CF92DF92EF92FF920F931F93C8
:108EE000CF93DF938C01009799F4CB01DF91CF9161
:108EF0001F910F91FF90EF90DF90CF90BF90AF90B8
:108F00009F908F907F906F905F904F900C943D4614
:108F1000FC01E60FF71F9C0122503109E217F3070D
:108F200008F4AEC0D901CD91DC911197C617D707CF
:108F300020F1C530D10578F0CE0104978617970748
:108F400050F0C61BD70B2297C193D1936D937C939E
:108F5000CF010E94D946C801DF91CF911F910F9197
:108F6000FF90EF90DF90CF90BF90AF909F908F9049
:108F70007F906F905F904F9008955B01AC1ABD0A8F
:108F80004C018C0E9D1EA091ED10B091EE10512C55
:108F9000412CF12CE12C109731F58091EB10909140
:108FA000EC108815990509F05CC04616570608F0C4
:108FB00058C08091CA029091CB02009741F48DB7BE
:108FC0009EB74091CE025091CF02841B950BE817BB
:108FD000F90708F055C0F093EC10E093EB10F9019D
:108FE00071836083B8CF8D919C91119712966C908C
:108FF000129713967C901397A815B90559F56C0133
:1090000042E0C40ED11CCA14DB0420F1AC014A19A1
:109010005B09DA011296159780F0628273825183A0
:109020004083D9016D937C93E114F10471F0D70171
:109030001396FC93EE9312978ECF22968C0F9D1F62
:10904000F90191838083F301EFCFF093EE10E09369
:10905000ED1081CF4816590608F42C017D01D3018B
:109060009ACFCB010E943D467C01009749F0AE01AA
:10907000B8010E945048C8010E94D94687016BCFB1
:1090800010E000E068CFFB01DC0104C08D9101908D
:10909000801921F441505040C8F7881B990B08955E
:1090A000FB01DC0102C001900D9241505040D8F705
:1090B0000895DC0101C06D9341505040E0F70895E0
:1090C000FC018191861721F08823D9F7992708950B
:1090D0003197CF010895FB01DC018D91019080193A
:1090E0000110D9F3990B0895FB01DC0101900D9259
:1090F0000020E1F70895FB01DC014150504048F0A9
:1091000001900D920020C9F701C01D9241505040BE
:10911000E0F708950F931F93CF93DF93CDB7DEB79A
:109120002E970FB6F894DEBF0FBECDBF0E891F89F4
:10913000888D998D26E02C831A83098397FF02C0BE
:1091400080E090E801979E838D83AE01445E5F4F7F
:109150006A8D7B8DCE0101960E94C7484D815E814C
:1091600057FD0AC02F813885421753070CF49A0126
:10917000020F131FF80110822E960FB6F894DEBF6F
:109180000FBECDBFDF91CF911F910F9108952F9208
:109190003F924F925F926F927F928F929F92AF9287
:1091A000BF92CF92DF92EF92FF920F931F93CF93D4
:1091B000DF9300D000D000D01F921F92CDB7DEB752
:1091C0007C013B018A01FC0117821682838181FFA9
:1091D000DDC1CE0101965C01F7019381F30193FD9E
:1091E000859193FF81913F01882309F453C1853212
:1091F00039F493FD859193FF81913F01853229F4E4
:10920000B70190E00E94DF4AE7CF912C212C312C4E
:10921000FFE1F31538F08B3211F190F4803209F14F
:10922000833229F137FC3CC020ED280F2A3050F55D
:1092300036FE20C08AE0989E200D1124922E06C092
:109240008D3291F0803371F7689430F8F30193FD1B
:10925000859193FF81913F018111DACF21C06894FC
:1092600031F8689432F8F2CF689433F8EFCF68940D
:1092700034F8ECCFEAE02E9E200D1124222E6894C3
:1092800035F8E4CF8E3229F436FC04C1689436F800
:10929000DDCF8C3619F4689437F8D8CF8836B1F220
:1092A000982F9F7D95549330E0F08336A1F183375A
:1092B000C1F1833509F063C02801F2E04F0E511C63
:1092C000F801C080D180692D70E036FC02C06FEFDC
:1092D0007FEFC6010E94C94A4C01689437F88201A9
:1092E0000AC00C5F1F4FFFE3F98388248394912CFD
:1092F0006501E89437F833FE2DC0522C8114910497
:1093000071F5552009F468CFB70180E290E00E9422
:10931000DF4A5A94F6CFF801808189830E5F1F4F90
:10932000E4CF2801F2E04F0E511CF801C080D1803B
:10933000692D70E036FC02C06FEF7FEFC6010E941E
:10934000D44A4C018201D5CFB70180E290E00E945F
:10935000DF4A2A942814190409F0B0F7CECFF60199
:1093600037FC859137FE81916F01B70190E00E9433
:10937000DF4A51105A94F1E08F1A9108BFCF84361A
:1093800019F0893609F077C0F80137FE6BC06081AB
:109390007181828193810C5F1F4FF32DFF763F2EE9
:1093A00097FF09C090958095709561957F4F8F4F7D
:1093B0009F4F689437F82AE030E0A5010E940F4BD8
:1093C000C82ECA188C2C432C36FE0CC0E89440F8EA
:1093D000C91440F434FE05C032FC03C0F32DFE7EF8
:1093E0004F2E892C44FEAAC0FE01EC0DF11D808198
:1093F000803309F09CC0242D297E422E842D887054
:10940000582E43FCAAC040FEA4C09C2C821418F421
:109410002C0C922C981844FEA6C0B70180E390E073
:109420000E94DF4A42FE09C088E790E041FE02C088
:1094300088E590E0B7010E94DF4AC91408F49FC094
:10944000CA94D12C9FEFC91AD90ACA0CDB1CF601A9
:1094500082916F01B70190E00E94DF4AAC14BD0415
:10946000B1F74FCF60817181072E000C880B990BEB
:109470000E5F1F4F92CFD32CE894D4F82AE030E04F
:109480008537E1F1232D297FD22E8F36A9F1F0F413
:10949000883551F1F701868197812B960FB6F894A4
:1094A000DEBF0FBECDBFDF91CF911F910F91FF9017
:1094B000EF90DF90CF90BF90AF909F908F907F9074
:1094C0006F905F904F903F902F900895803749F0B4
:1094D000883701F7D4FE02C06894D2F820E130E06A
:1094E0000DC06894D4F8F6CF34FE03C0822F866096
:1094F000D82E20E132E002C028E030E0F801D7FEAB
:109500000FC060817181828193810C5F1F4FA50123
:109510000E940F4BC82ECA183D2CE89437F852CF42
:109520006081718190E080E00E5F1F4FF0CF42FCC0
:1095300002C0839463CF8394839460CF842D867814
:1095400009F45CCFF6CFB70180E290E00E94DF4AD9
:1095500083948214C0F3512C5ECF522C581882147D
:1095600008F459CFF8CF842D867809F466CF8BE2C2
:1095700041FE80E247FC8DE2B70190E05CCFB7018D
:1095800080E390E00E94DF4A9A9457CF8FEF9FEFDD
:1095900084CFFC010590615070400110D8F7809590
:1095A00090958E0F9F1F0895FC01615070400190AF
:1095B0000110D8F7809590958E0F9F1F08950F93F7
:1095C0001F93CF93DF93182F092FEB018B8181FD20
:1095D00009C01FEF0FEF812F902FDF91CF911F91C7
:1095E0000F91089582FF14C02E813F818C819D814F
:1095F000281739073CF4E881F981CF010196998356
:10960000888310838E819F8101969F838E83E3CF11
:10961000E885F985812F1995892BA1F3DACFFA0115
:10962000AA27283051F1203181F1E8946F936E7FA1
:109630006E5F7F4F8F4F9F4FAF4FB1E03ED0B4E092
:109640003CD0670F781F891F9A1FA11D680F791FD3
:109650008A1F911DA11D6A0F711D811D911DA11DE4
:1096600020D009F468943F912AE0269F11243019F4
:10967000305D3193DEF6CF010895462F4770405D8F
:109680004193B3E00FD0C9F7F6CF462F4F70405D3E
:109690004A3318F0495D31FD4052419302D0A9F799
:1096A000EACFB4E0A6959795879577956795BA9593
:1096B000C9F700976105710508959B01AC010A2E59
:1096C00006945795479537952795BA95C9F7620F30
:1096D000731F841F951FA01D089512E0C7EDD2E0EF
:1096E00000E006C0802FFE010E9426462196011D43
:1096F000C83DD10780E00807A9F7F894FFCFFFFF26
:10970000FFFF290629062906290629062906290612
:1097100029060101010101C801013F103310271082
:109720001B100F100310F70FEB0FDF0FD30FC70F36
:10973000BB0FAF0FA30F970F8B0F7F0F730F670F29
:109740005B0F4F0F430F370F2B0F1F0F130F070F19
:10975000FB0EEF0EE30ED70ECB0EBF0EB30EA70E11
:109760009B0E8F0E830E770E6B0E5F0E530E000056
:109770000000000000000000000038410000000070
:109780000100000000000000307500000100000032
:109790000000000000010000000000F4012C012C7A
:1097A00001000000000000000100001400000000A3
:1097B0000000000000020000FFFFFF0000000101A8
:1097C00000000001000000000000EF108000000019
:1097D00040001400540016001700180019001A0069
:1097E0001B001C001D002E002F0000FF01000100C7
:1097F00000FFFF0000010001FF0095089A089F0884
:10980000A50800000000A312861276124D1256120F
:10981000D813E2130000000011085C06A2066308DA
:109820005107B106430700000000EC115C06E60F8B
:109830000614000000004F162216651732031B168F
:109840000816F91500000000F3195C0665170614E8
:1098500067657420002E76616C00616978616D6CBB
:109860006F672E637376002C00446F6F72206375F0
:10987000727465737920656E61626C6564004E4533
:109880005854494F4E00446F6F722063757274656F
:1098900073792064697361626C65640044757261F8
:1098A000746120636F727465736961202D35733A3A
:1098B0002000730044757261746120636F72746577
:1098C000736961202B35733A20004F766572726997
:1098D00064652074656E73696F6E652041545449E8
:1098E0005641544F004F7665727269646520746505
:1098F0006E73696F6E6520646973617474697661F3
:10990000746F0074414F532E7478743D224F4E2271
:109910000074414F532E7478743D224F4646220006
:1099200074696E2E7478743D22542E696E203D2029
:1099300025642200746F75742E7478743D22542E41
:109940006F7574203D2025642200747365742E7435
:1099500078743D22542E736574203D2025642200C6
:10996000744C532E7478743D222564220074417522
:10997000746F4F636368692E7478743D224F666616
:109980002200744175746F4F636368692E74787434
:109990003D224368696176652200744175746F4F9A
:1099A000636368692E7478743D224D6F746F7265BD
:1099B000220074766F6C742E7478743D22563D20AC
:1099C0002573220074566F6C742E7478743D225681
:1099D0003D202573220074537461746F566F6C744C
:1099E0002E7478743D226F76657272696465220008
:1099F00074537461746F566F6C742E7478743D2256
:109A00006261747465726961204F4B22006230009C
:109A100062310062330074414F5300746175746F9A
:109A200000623200683000744175746F4F63636880
:109A30006900623400623500744C4943005344208D
:109A400070726F6E746100534420617373656E743D
:109A5000652C20736F6C6F206C6F67207365726963
:109A6000616C65004155544F004D414E20004F4EF2
:109A700020004F46460053657474696E6773206C0E
:109A80006F616465643A20726570726F6772616DB0
:109A90006D61626C65507573683D002C206F636367
:109AA00068694175746F4F6E3D002C2073656E734D
:109AB000506F736974696F6E3D002C2073656E730F
:109AC0004C6F774265616D3D002C20636F75727439
:109AD0006573794475726174696F6E4D733D002CC6
:109AE0002066616E4175746F4D6F64653D002C207A
:109AF00074656D70536574706F696E743D002C20D1
:109B00007375624175746F4D6F64653D00454550D6
:109B1000524F4D000D0A00626B636D643D31007061
:109B2000616765203000424F4F5400436869617699
:109B300065204F4E0049474E0043686961766520B5
:109B40004F4646202D207370656E676F20747574C4
:109B5000746920676C69206163636573736F7269F0
:109B600000506F7274696572612061706572746112
:109B700000444F4F5200506F7274696572612063E8
:109B800068697573610050524F5800484947484210
:109B900045414D004175746F2073626C6F63636162
:109BA0007461004C4F434B004175746F20636869CA
:109BB0007573610053626C6F63636F207065722010
:109BC00070726F7373696D6974C3A020424C450055
:109BD000496E743A200043202020005365743A20D7
:109BE000004573743A2000426174743A20006E613B
:109BF0006E00696E66006F7666005620004C7563D5
:109C0000693A2000506F733A0020416E61623A0059
:109C100056616C6F72652073656E736962696C69F9
:109C200074C3A0206C75636920706F73697A696F63
:109C30006E652073616C7661746F3A200056616CBA
:109C40006F72652073656E736962696C6974C3A015
:109C5000206C75636920626173736120706F746535
:109C60006E7A612073616C7661746F3A2000566180
:109C70006C6F726520636F727465736961207361C4
:109C80006C7661746F3A200056616C6F726520705B
:109C900075736820726970726F6772616D6D616251
:109CA000696C652073616C7661746F3A200056614F
:109CB0006C6F7265206D6F64616C6974C3A02073F2
:109CC0006F74746F6D697373696F6E652073616C07
:109CD0007661746F3A200056616C6F7265206F6315
:109CE000636869206175746F6D617469636920735D
:109CF000616C7661746F3A200056616C6F726520FA
:109D00006D6F64616C6974C3A02076656E746F6C4E
:109D1000612073616C7661746F3A200056616C6FDC
:109D2000726520736574706F696E742074656D70F0
:109D3000657261747572612073616C7661746F3ADB
:109D400020004D6F746F72652061636365736F00EF
:109D5000454E47004D6F746F7265207370656E7469
:109D60006F0049474E3A004C4F434B3A00506963ED
:109D7000636F2062617373613A2000560042415460
:109D8000540054656E73696F6E6520626173736110
:109D90003A2000494E464F005741524E004552521C
:0C9DA0004F5200435249544943414C00CB
:020000040003F7
:10E000000D9489F10D94B2F10D94B2F10D94B2F129
:10E010000D94B2F10D94B2F10D94B2F10D94B2F1F0
:10E020000D94B2F10D94B2F10D94B2F10D94B2F1E0
:10E030000D94B2F10D94B2F10D94B2F10D94B2F1D0
:10E040000D94B2F10D94B2F10D94B2F10D94B2F1C0
:10E050000D94B2F10D94B2F10D94B2F10D94B2F1B0
:10E060000D94B2F10D94B2F10D94B2F10D94B2F1A0
:10E070000D94B2F10D94B2F10D94B2F10D94B2F190
:10E080000D94B2F10D94B2F10D94B2F10D94B2F180
:10E090000D94B2F10D94B2F10D94B2F10D94B2F170
:10E0A0000D94B2F10D94B2F10D94B2F10D94B2F160
:10E0B0000D94B2F10D94B2F10D94B2F10D94B2F150
:10E0C0000D94B2F10D94B2F10D94B2F10D94B2F140
:10E0D0000D94B2F10D94B2F10D94B2F10D94B2F130
:10E0E0000D94B2F141546D656761323536300041AF
:10E0F000726475696E6F206578706C6F72657220DE
:10E1000073746B3530305632206279204D4C530099
:10E11000426F6F746C6F616465723E004875683F52
:10E1200000436F6D70696C6564206F6E203D200048
:10E130004350552054797065202020203D20005FF9
:10E140005F4156525F415243485F5F3D2000415658
:10E1500052204C696243205665723D20004743437C
:10E160002056657273696F6E203D20004350552024
:10E1700049442020202020203D20004C6F7720663D
:10E18000757365202020203D20004869676820665F
:10E190007573652020203D200045787420667573D6
:10E1A00065202020203D20004C6F636B2066757336
:10E1B000652020203D20004D617220203720323024
:10E1C000313300312E362E3800342E332E350056A2
:10E1D00023202020414444522020206F7020636F70
:10E1E00064652020202020696E73747275637469E1
:10E1F0006F6E2061646472202020496E74657272B3
:10E20000757074006E6F20766563746F7200726A49
:10E210006D702020006A6D70200057686174207056
:10E220006F72743A00506F7274206E6F7420737541
:10E2300070706F72746564004D7573742062652030
:10E2400061206C6574746572002000577269747483
:10E25000696E672045450052656164696E672045B7
:10E26000450045452065727220636E743D00504F35
:10E27000525400303D5A65726F2061646472003FF1
:10E280003D43505520737461747300403D454550C3
:10E29000524F4D207465737400423D426C696E6B41
:10E2A000204C454400453D44756D70204545505215
:10E2B0004F4D00463D44756D7020464C415348001B
:10E2C000483D48656C70004C3D4C69737420492F83
:10E2D0004F20506F72747300513D51756974005234
:10E2E0003D44756D702052414D00563D73686F7707
:10E2F00020696E7465727275707420566563746FF0
:10E30000727300593D506F727420626C696E6B00BD
:10E310002A0011241FBECFEFD1E2DEBFCDBF01E046
:10E320000CBF12E0A0E0B2E0EEE1FDEF03E00BBFB6
:10E3300002C007900D92A030B107D9F712E0A0E01B
:10E34000B2E001C01D92AE30B107E1F70F9460F367
:10E350000D948DFE01E20EBF0FEF0DBF11241FBE05
:10E360000D9460F30D9400F020E030E040ED57E0B4
:10E3700005C0FA013197F1F72F5F3F4F2817390792
:10E38000C0F308959C01260F311DC901A0E0B0E043
:10E390002F5F3F4FABBFFC018791882361F08093D3
:10E3A000C6008091C00086FFFCCF8091C0008064D1
:10E3B0008093C000EACF08958DE08093C6008091DD
:10E3C000C00086FFFCCF8091C00080648093C000B5
:10E3D0008AE08093C6008091C00086FFFCCF8091C8
:10E3E000C00080648093C00008950F94C2F10F9420
:10E3F000DCF10895FC019081992359F09093C600B7
:10E400008091C00086FFFCCF8091C0008064809323
:10E41000C0003196992379F70895282F982F929567
:10E420009F70892F805D8A3308F0895F8093C600D2
:10E430008091C00086FFFCCF8091C00080648093F3
:10E44000C000822F8F70982F905D9A3308F0995FEB
:10E450009093C6008091C00086FFFCCF8091C000E1
:10E4600080648093C00008959C01FB01853691056E
:10E470001CF46330710594F0C90164E670E00F94F8
:10E480002EFE605D7F4F6093C6008091C00086FFC6
:10E49000FCCF8091C00080648093C0002B30310598
:10E4A00014F43297B4F0C90164E670E00F942EFEC4
:10E4B0006AE070E00F942EFE605D7F4F6093C600AF
:10E4C0008091C00086FFFCCF8091C0008064809363
:10E4D000C000C9016AE070E00F942EFEC0968093E0
:10E4E000C6008091C00086FFFCCF8091C000806490
:10E4F0008093C00008951F93182F8EE692EE60E07F
:10E500000F94C2F11093C6008091C00086FFFCCF2B
:10E510008091C00080648093C0000F94DCF11F9153
:10E5200008952F923F924F925F926F927F928F92B7
:10E530009F92AF92BF92CF92DF92EF92FF920F9392
:10E540001F93DF93CF93CDB7DEB762970FB6F894E2
:10E55000DEBF0FBECDBF382E622ECA01DB015C01CB
:10E560006D01772420E2222E2E010894411C511CBB
:10E570008BC081E0A81680E0B80681E0C80680E084
:10E58000D80628F0C601AA27BB270F940DF2BB2797
:10E59000AD2D9C2D8B2D0F940DF28A2D0F940DF225
:10E5A0002092C6008091C00086FFFCCF8091C00001
:10E5B00080648093C0009DE29093C6008091C0006B
:10E5C00086FFFCCF8091C00080648093C0002092C1
:10E5D000C6008091C00086FFFCCF8091C00080649F
:10E5E0008093C00019828601750188249924A1E0D6
:10E5F0003A1651F03A1620F0B2E03B1661F409C029
:10E600000BBFF701779007C0C7010F9477FE782EF4
:10E6100002C0F7017080872D0F940DF22092C60082
:10E620008091C00086FFFCCF8091C0008064809301
:10E63000C000872D8052F401EF70F0708F3520F408
:10E64000E40DF51D708204C0E40DF51D8EE280839B
:10E650000894E11CF11C011D111D0894811C911CE2
:10E6600090E18916910409F0C2CF80E190E0A0E02A
:10E67000B0E0A80EB91ECA1EDB1E198AC2010F9493
:10E68000FAF10F94DCF16A94662009F072CF629679
:10E690000FB6F894DEBF0FBECDBFCF91DF911F91B3
:10E6A0000F91FF90EF90DF90CF90BF90AF909F9031
:10E6B0008F907F906F905F904F903F902F90089534
:10E6C0002F923F924F925F926F927F928F929F9282
:10E6D000AF92BF92CF92DF92EF92FF920F931F9370
:10E6E000DF93CF93CDB7DEB7CD53D1400FB6F894BB
:10E6F000DEBF0FBECDBF01E20EBF0FEF0DBF94B75F
:10E70000F894A89514BE80916000886180936000A1
:10E7100010926000789493FF05C0E0910002F091A0
:10E7200001021995279A2F9A8091C00082608093E8
:10E73000C00080E18093C40088E18093C1000000A4
:10E74000EE24FF24870144E0A42EB12CCC24DD2448
:10E7500024C0C5010197F1F70894E11CF11C011DCB
:10E76000111D21E2E2162EE4F20620E0020720E06D
:10E77000120718F031E0C32ED12CC801B70127ECE5
:10E780003BE140E050E00F9441FE611571058105C9
:10E79000910519F485B1805885B98091C00087FD35
:10E7A00003C0C114D104A9F2A6014F5F5F4FC25E3E
:10E7B000DE4F59834883CE51D140C25EDE4F8881FF
:10E7C0009981CE51D140019711F00D9410FEC05D9A
:10E7D000DE4F19821882C053D14060E0C15DDE4F28
:10E7E0001882CF52D14088249924C35DDE4F19820C
:10E7F0001882CD52D140C05EDE4F188219821A8233
:10E800001B82C052D140CE5CDE4F188219821A8220
:10E810001B82C253D140EE24FF2487010BBFF701B6
:10E8200007911691C45CDE4F19830883CC53D14005
:10E830000D940BFEC25EDE4F28813981CE51D1404E
:10E840002130310509F52091C600C25EDE4F1982E4
:10E850001882CE51D14022C02F5F3F4F4F4F5F4FA4
:10E86000213082E138078AE7480780E0580780F0C6
:10E87000C45CDE4FE881F981CC53D140EF5FFF4F9C
:10E8800019F0EE27FF27099420E030E040E050E047
:10E890008091C00087FFE0CF2091C600C35DDE4FAE
:10E8A00048815981CD52D1404F5F5F4FC35DDE4FEC
:10E8B00059834883CD52D140213209F063C64A3092
:10E8C000510508F05FC60894811C911C53E0851621
:10E8D000910409F059C600E010E018C081E280936D
:10E8E000C6008091C00086FFFCCF8091C00080648C
:10E8F0008093C0002F5F3F4F2931310579F70F9486
:10E90000DCF10F5F1F4F0530110519F020E030E0FA
:10E91000E5CF10920A0210920B0210920C02109294
:10E920000D02109206021092070210920802109235
:10E930000902109202021092030210920402109235
:10E9400005028FEE90EE60E00F94F5F180E191EE1C
:10E9500060E00F94C2F18091C00087FFFCCF9091DE
:10E96000C600903608F09F759032B8F09093C600BC
:10E970008091C00086FFFCCF8091C00080648093AE
:10E98000C000A0E2A093C6008091C00086FFFCCF2B
:10E990008091C00080648093C000983409F4D7C18E
:10E9A0009934B8F4923409F459C1933458F490333B
:10E9B00019F1903308F4E3C59F33A1F1903409F0C5
:10E9C000DEC5BDC0953409F470C1963409F0D7C5D1
:10E9D00098C1923509F42BC2933538F49C3409F46C
:10E9E000F5C1913509F0CBC518C2963509F445C279
:10E9F000993509F0C4C567C483E792EE62E00F94CD
:10EA0000F5F110920602109207021092080210927D
:10EA1000090210920A0210920B0210920C0210923C
:10EA20000D0213C18FE792EE62E00F94F5F18FEEC5
:10EA300090EE60E00F94F5F181E291EE60E00F94CA
:10EA4000C2F187EB91EE60E00F94F5F180E391EE77
:10EA500060E00F94C2F184EE90EE60E00F94F5F167
:10EA60008FE391EE60E00F94C2F186E090E061E008
:10EA700070E00F9434F20F94DCF18DE591EE60E0DC
:10EA80000F94C2F189EC91EE60E00F94F5F18EE401
:10EA900091EE60E00F94C2F183EC91EE60E00F9490
:10EAA000F5F18CE691EE60E00F94C2F18EE10F94E7
:10EAB0000DF288E90F940DF281E00F940DF20F949E
:10EAC000DCF18BE791EE60E00F94C2F119E0E0E039
:10EAD000F0E010935700E4918E2F0F940DF20F94F5
:10EAE000DCF18AE891EE60E00F94C2F1E3E0F0E03F
:10EAF00010935700E4918E2F0F940DF20F94DCF1D8
:10EB000089E991EE60E00F94C2F1E2E0F0E0109349
:10EB10005700E4918E2F0F940DF20F94DCF188EAE8
:10EB200091EE60E00F94C2F1E1E0F0E01093570045
:10EB30001491812F0F940DF20F94DCF107CF8BE825
:10EB400092EE62E00F94F5F18BE492EE60E00F94A8
:10EB5000F5F10F94DCF100E010E019C0C8016F2D51
:10EB60000F947FFEFF2031F489E492EE60E00F9471
:10EB7000C2F10BC0F092C6008091C00086FFFCCFAE
:10EB80008091C00080648093C0000F5F1F4FC80158
:10EB900081519F41A0E0B0E0ABBFFC01F790BAE229
:10EBA000FB1621F0E2E000301E07C1F60F94DCF105
:10EBB0000F94DCF187E592EE60E00F94F5F10F948D
:10EBC000DCF1CC24DD2400E010E01EC0C8010F946D
:10EBD00077FEF82E882331F489E492EE60E00F94FA
:10EBE000C2F10BC08093C6008091C00086FFFCCFAD
:10EBF0008091C00080648093C000FE1419F00894D6
:10EC0000C11CD11C0F5F1F4FC80181519F41A0E063
:10EC1000B0E0ABBFFC01E790FAE2EF1621F022E092
:10EC20000030120799F60F94DCF10F94DCF182E6C4
:10EC300092EE60E00F94C2F1C60161E070E00F94C3
:10EC400034F20F94DCF10F94DCF110920202109276
:10EC50000302109204021092050278CE89E992EE26
:10EC600062E00F94F5F1279A2F9A16C02F9880E052
:10EC700090E0E0EDF7E03197F1F7019684369105E9
:10EC8000C1F72F9A80E090E0E0EDF7E03197F1F7DF
:10EC9000019684369105C1F78091C00087FFE6CFC9
:10ECA0008091C00087FFFCCF64C485EA92EE62E0E9
:10ECB0000F94F5F140910202509103026091040219
:10ECC0007091050281E020E10F9491F2809102029F
:10ECD00090910302A0910402B091050280509F4FD1
:10ECE000AF4FBF4F8093020290930302A0930402A0
:10ECF000B093050280509041A040B04008F426CE69
:10ED0000A4CF83EB92EE62E00F94F5F140910602FE
:10ED100050910702609108027091090280E020E1A1
:10ED20000F9491F28091060290910702A09108023F
:10ED3000B091090280509F4FAF4FBF4F80930602A2
:10ED400090930702A0930802B0930902FFCD80ECD4
:10ED500092EE62E00F94F5F183E792EE60E00F949B
:10ED6000F5F18FE792EE60E00F94F5F18BE892EE0B
:10ED700060E00F94F5F189E992EE60E00F94F5F10F
:10ED800085EA92EE60E00F94F5F183EB92EE60E09D
:10ED90000F94F5F180EC92EE60E00F94F5F187ECC2
:10EDA00092EE60E00F94F5F188ED92EE60E00F9442
:10EDB000F5F18FED92EE60E00F94F5F18AEE92EEB0
:10EDC00060E00F94F5F183E093EEBDCD87EC92EE19
:10EDD00062E00F94F5F181E40F947BF282E40F94EA
:10EDE0007BF283E40F947BF284E40F947BF285E45E
:10EDF0000F947BF286E40F947BF287E40F947BF20E
:10EE000088E40F947BF28AE40F947BF28BE40F94F6
:10EE10007BF28CE40F947BF299CD88ED92EE62E068
:10EE20000F94F5F1772473948824992409C48FED05
:10EE300092EE62E00F94F5F140910A0250910B02BC
:10EE400060910C0270910D0282E020E10F9491F22A
:10EE500080910A0290910B02A0910C02B0910D02D8
:10EE600080509F4FAF4FBF4F80930A0290930B0289
:10EE7000A0930C02B0930D0269CD8AEE92EE62E08F
:10EE80000F94F5F184EE90EE60E00F94F5F18FECC5
:10EE900091EE60E00F94F5F1662477244301CC5D98
:10EEA000DE4F19821882C452D140D401C301B695F5
:10EEB000A79597958795CA5DDE4F88839983AA8326
:10EEC000BB83C652D140CC5DDE4FA881B981C4520C
:10EED000D1401196CC5DDE4FB983A883C452D14096
:10EEE000CD0162E070E00F9434F2B0E2B093C6005E
:10EEF0008091C00086FFFCCF8091C0008064809329
:10EF0000C000EDE2E093C6008091C00086FFFCCF18
:10EF10008091C00080648093C000F0E2F093C6004E
:10EF20008091C00086FFFCCF8091C00080648093F8
:10EF3000C000CA5DDE4FE880F9800A811B81C6529D
:10EF4000D140BB27A12F902F8F2D0F940DF2CA5DBA
:10EF5000DE4F8881C652D1400F940DF2B0E2FB2EF5
:10EF6000F092C6008091C00086FFFCCF8091C00067
:10EF700080648093C0000DE30093C6008091C000C0
:10EF800086FFFCCF8091C00080648093C00010E2B7
:10EF90001093C6008091C00086FFFCCF8091C00016
:10EFA00080648093C0008BBEF3012791C65DDE4F65
:10EFB0002883CA52D140A22EBB24CC24DD2408943D
:10EFC000611C711C811C911C8BBEF3018791282E42
:10EFD0003324442455240894611C711C811C911C09
:10EFE0008BBEF3013791C55DDE4F3883CB52D140E4
:10EFF0000894611C711C811C911C8BBEF30147910C
:10F00000C45DDE4F4883CC52D140ADEFEA2EAFEF66
:10F01000FA2EAFEF0A2FAFEF1A2F6E0C7F1C801E57
:10F02000911E142D032DF22CEE24EA0CFB1C0C1D5A
:10F030001D1D0F940DF220E22093C6008091C000A8
:10F0400086FFFCCF8091C00080648093C000C65DC5
:10F05000DE4F8881CA52D1400F940DF230E23093D6
:10F06000C6008091C00086FFFCCF8091C000806404
:10F070008093C000C45DDE4F8881CC52D1400F9494
:10F080000DF240E24093C6008091C00086FFFCCFA5
:10F090008091C00080648093C000C55DDE4F888190
:10F0A000CB52D1400F940DF250E25093C6008091A4
:10F0B000C00086FFFCCF8091C00080648093C000B8
:10F0C0008FEFE8168FEFF80680E0080780E018075A
:10F0D00031F484E092EE60E00F94C2F1DFC0D80119
:10F0E000C7018070907CA070B0708050904CA040A0
:10F0F000B040D1F52FEF3FE340E050E0E222F322B1
:10F1000004231523CA5DDE4FA880B980CA80DB8046
:10F11000C652D140AE0CBF1CC01ED11EAA0CBB1CD7
:10F12000CC1CDD1C8EE092EE60E00F94C2F1BB2798
:10F13000A12F902F8F2D0F940DF28E2D0F940DF285
:10F1400030E23093C6008091C00086FFFCCF8091F2
:10F15000C00080648093C0004EE34093C60080915D
:10F16000C00086FFFCCF87C08EE09EEFA0E0B0E03D
:10F17000E822F9220A231B239CE0E91694E9F90608
:10F1800090E0090790E0190709F088C0C45DDE4FE0
:10F19000A881CC52D140EA2EFF2400E010E0102FCD
:10F1A0000F2DFE2CEE24C55DDE4FB881CB52D14031
:10F1B000EB0EF11C011D111DD601C501817090706F
:10F1C000A070B070DC0199278827E80EF91E0A1F8D
:10F1D0001B1F20EF30E040E050E0A222B322C42207
:10F1E000D52241E1AA0CBB1CCC1CDD1C4A95D1F7F1
:10F1F000EA0CFB1C0C1D1D1D81E090E0A0E0B0E0BE
:10F20000282239224A225B2235E1220C331C441C7D
:10F21000551C3A95D1F7E20CF31C041D151D57013E
:10F220006801AA0CBB1CCC1CDD1C85E192EE60E0E1
:10F230000F94C2F1C801AA27BB270F940DF2BB2778
:10F24000A12F902F8F2D0F940DF28E2D0F940DF274
:10F2500090E29093C6008091C00086FFFCCF809121
:10F26000C00080648093C000AEE3A093C60080918C
:10F27000C00086FFFCCF8091C00080648093C000F6
:10F28000C601AA27BB270F940DF2BB27AD2D9C2DDD
:10F290008B2D0F940DF28A2D0F940DF20F94DCF14B
:10F2A000CC5DDE4FE881F981C452D140F99709F471
:10F2B0004DCBF4E0EF2EF12C012D112D6E0C7F1CA7
:10F2C000801E911EF2CD83E093EE62E00F94F5F183
:10F2D0008AE192EE60E00F94C2F18091C00087FF56
:10F2E000FCCF1091C6001F751093C6008091C0001E
:10F2F00086FFFCCF8091C00080648093C0000F9493
:10F30000DCF1812F81548A3108F036C1163409F4BA
:10F3100095C0173490F4133409F44EC0143430F40B
:10F320001134F1F0123409F01DC130C0143409F465
:10F3300059C0153409F016C16BC01A3409F4C4C0A1
:10F340001B3438F4173409F48FC0183409F00AC19B
:10F35000A1C01B3409F4D2C01C3409F003C1E8C0B9
:10F360008FEF81B90DC082B1809582B980E090E0C5
:10F37000E0EDF7E03197F1F70196883C9105C1F790
:10F380008091C00087FFEFCF12B8EFC08FEF84B934
:10F390000DC085B1809585B980E090E0E0EDF7E0A3
:10F3A0003197F1F70196883C9105C1F78091C00033
:10F3B00087FFEFCF15B8D9C08FEF87B90DC088B1DF
:10F3C000809588B980E090E0E0EDF7E03197F1F7C3
:10F3D0000196883C9105C1F78091C00087FFEFCF6F
:10F3E00018B8C3C08FEF8AB90DC08BB180958BB9A7
:10F3F00080E090E0E0EDF7E03197F1F70196883C8E
:10F400009105C1F78091C00087FFEFCF1BB8ADC059
:10F410008FEF8DB90DC08EB180958EB980E090E0F0
:10F42000E0EDF7E03197F1F70196883C9105C1F7DF
:10F430008091C00087FFEFCF1EB897C08FEF80BBD1
:10F440000DC081B3809581BB80E090E0E0EDF7E0F6
:10F450003197F1F70196883C9105C1F78091C00082
:10F4600087FFEFCF11BA81C08FEF83BB0DC084B38C
:10F47000809584BB80E090E0E0EDF7E03197F1F714
:10F480000196883C9105C1F78091C00087FFEFCFBE
:10F4900014BA6BC08FEF809301010FC080910201FD
:10F4A00080958093020180E090E0E0EDF7E03197F5
:10F4B000F1F70196883C9105C1F78091C00087FF64
:10F4C000EDCF1092020151C08FEF809304010FC065
:10F4D0008091050180958093050180E090E0E0ED4A
:10F4E000F7E03197F1F70196883C9105C1F78091DB
:10F4F000C00087FFEDCF1092050137C08FEF8093DA
:10F5000007010FC08091080180958093080180E079
:10F5100090E0E0EDF7E03197F1F70196883C910536
:10F52000C1F78091C00087FFEDCF109208011DC088
:10F530008FEF80930A010FC080910B01809580931B
:10F540000B0180E090E0E0EDF7E03197F1F70196F4
:10F55000883C9105C1F78091C00087FFEDCF1092E4
:10F560000B0103C085E292EEEEC98091C00087FFD7
:10F57000FCCF8091C600EAC988E392EEE4C98CE131
:10F5800091EEE1C988249924933011F1943028F444
:10F59000913089F09230B8F408C0953061F195301F
:10F5A000F0F0963009F048C043C02B3109F042C951
:10F5B00091E06BE13FC96227C15DDE4F2883CF52E6
:10F5C000D14092E037C9B22FA0E0622793E032C960
:10F5D000822F90E0A82BB92B622794E02BC92E3004
:10F5E00009F039C3622795E0C05DDE4F19821882A9
:10F5F000C053D1401FC9E1E0F0E0EC0FFD1FC05D3A
:10F60000DE4F08811981C053D140E00FF11F2083E4
:10F610000F5F1F4FC05DDE4F19830883C053D14079
:10F6200062270A171B0709F005C9D80196E002C92D
:10F63000261709F010C303C0973009F0FBC87724E0
:10F640009981933109F412C19431C8F4963009F4C8
:10F65000D8C0973050F4923009F406C1933009F4C1
:10F660006DC0913009F059C253C0913109F477C08F
:10F67000923108F0BBC0903109F04FC2F5C098310B
:10F6800009F487C0993150F4953109F4EFC09531F0
:10F6900008F4C6C1963109F040C2C2C19A3109F4DA
:10F6A0006CC09A3108F491C09B3109F45BC09D3164
:10F6B00009F033C29D81903359F48F81882311F46E
:10F6C0009EE11CC0813011F091E018C098E916C08D
:10F6D000892F807591F0903539F4E0E0F0E089E011
:10F6E0008093570094910AC0983539F4E3E0F0E034
:10F6F00089E080935700949101C090E01A821B82A8
:10F700008D818C831D829E831F8227E030E009C299
:10F710001A8288E08B8381E48C8386E58D8382E581
:10F720008E8389E48F8383E5888780E589878FE5E9
:10F730008A8782E38B872BE030E0F3C18A818139AD
:10F7400041F0823941F0803911F48FE005C080E04A
:10F7500003C082E001C08AE01A828B8344C0772410
:10F76000739482C08D81882311F48EE12CC0813086
:10F7700011F081E028C088E926C01A82E1E0F0E0BB
:10F7800089E08093570084918B831C8224E030E0D1
:10F79000C8C18B81803589F48C81883039F4E2E0EE
:10F7A000F0E089E08093570084910DC0E0E0F0E044
:10F7B00089E080935700849106C0E3E0F0E089E09F
:10F7C0008093570084911A82DFCF8D81836C99E0FA
:10F7D000E1E0F0E0082E90935700E89507B600FCB2
:10F7E000FDCF1A821B8223E030E09BC180EC8A832C
:10F7F000CE5CDE4F188219821A821B82C253D1401E
:10F800008EC18A8190E0A0E0B0E0582F44273327D2
:10F8100022278B8190E0A0E0B0E0DC0199278827C7
:10F82000282B392B4A2B5B2B8D8190E0A0E0B0E098
:10F83000282B392B4A2B5B2B8C8190E0A0E0B0E089
:10F84000BA2FA92F982F8827282B392B4A2B5B2BCF
:10F85000220F331F441F551FC05EDE4F288339839C
:10F860004A835B83C052D1401A8259C13A81C95C34
:10F87000DE4F3883C753D140CA5CDE4F1882C6536F
:10F88000D1408B81C82EDD24CA5CDE4F488159816E
:10F89000C653D140C42AD52A933109F082C0CE5C28
:10F8A000DE4F88819981AA81BB81C253D1408050AB
:10F8B000904CA340B04030F583E0CE5CDE4FE88052
:10F8C000F9800A811B81C253D140F70100935B008C
:10F8D00080935700E89507B600FCFDCFCE5CDE4F65
:10F8E000088119812A813B81C253D14000501F4FAA
:10F8F0002F4F3F4FCE5CDE4F088319832A833B8313
:10F90000C253D140C05EDE4F488159816A817B81FC
:10F91000C052D140DE011B9631E08C9111962C91A2
:10F9200011971296C75CDE4F2883C953D140C85C3B
:10F93000DE4F1882C853D14090E0C85CDE4FE881AA
:10F94000F981C853D1408E2B9F2B0C01FA01609393
:10F950005B0030935700E89511244E5F5F4F6F4F67
:10F960007F4F0EEFE02E0FEFF02ECE0CDF1CC114F8
:10F97000D10499F685E0C05EDE4F088119812A81A5
:10F980003B81C052D140F80120935B008093570027
:10F99000E89507B600FCFDCF81E180935700E8951C
:10F9A00035C0C05EDE4F88819981AA81BB81C0527B
:10F9B000D140B695A795979587957C018601ABE0D8
:10F9C000AA2EB12CAC0EBD1E0BC0D5016D915D01F0
:10F9D000C7010F947FFE0894E11CF11C01501040F8
:10F9E0000115110591F7A60160E070E0440F551F65
:10F9F000661F771FC05EDE4FE880F9800A811B8199
:10FA0000C052D1404E0D5F1D601F711F1A82C05E33
:10FA1000DE4F488359836A837B83C052D1407FC0C5
:10FA2000FA80C55CDE4FF882CB53D140C65CDE4F16
:10FA30001882CA53D1408B81C82EDD24C65CDE4FAC
:10FA400008811981CA53D140C02AD12A1A828981DA
:10FA5000BE016D5F7F4F843121F59601C05EDE4FA0
:10FA6000E880F9800A811B81C052D1400BBFF701A9
:10FA700087919691DB018C9311969C936E5F7F4FDB
:10FA8000D801C7010296A11DB11DC05EDE4F88835B
:10FA90009983AA83BB83C052D14022503040F1F6F3
:10FAA00036C0C05EDE4F288139814A815B81C052F9
:10FAB000D1400894C108D108760100E010E0089414
:10FAC000C11CD11C0894E11CF11C011D111DE20E8A
:10FAD000F31E041F151F21BDBB27A52F942F832FB5
:10FAE00082BD2F5F3F4F4F4F5F4FF89A80B5DB01CC
:10FAF0008D93BD012E153F054007510761F7C05E8C
:10FB0000DE4F288339834A835B83C052D1409601FC
:10FB10002D5F3F4FFB01108204C080EC8A8322E0FE
:10FB200030E08BE18093C6008091C00086FFFCCF5F
:10FB30008091C00080648093C000C15DDE4FF88179
:10FB4000CF52D140F093C6008091C00086FFFCCF19
:10FB50008091C00080648093C000432F3093C60022
:10FB60008091C00086FFFCCF8091C00080648093AC
:10FB7000C000922F2093C6008091C00086FFFCCF6A
:10FB80008091C00080648093C0008EE08093C600A6
:10FB90008091C00086FFFCCF8091C000806480937C
:10FBA000C00065E1C15DDE4FE880CF52D1406E25D7
:10FBB00069276427FE01319610C090819093C6009A
:10FBC0008091C00086FFFCCF31968091C000806498
:10FBD0008093C0006927215030402115310569F715
:10FBE0006093C6008091C00086FFFCCF8091C0006A
:10FBF00080648093C00085B1805885B9772081F4F6
:10FC0000C15DDE4F0881CF52D1400F5FC15DDE4F35
:10FC10000883CF52D14090E0A0E0B0E00D941AF4F8
:10FC200027982F9880E090E020ED37E0F901319798
:10FC3000F1F7019684369105C9F700008091C00064
:10FC40008D7F8093C00081E180935700E895EE2777
:10FC5000FF270994FFCF90E00D941AF497FB092E2B
:10FC600007260AD077FD04D02ED006D000201AF443
:10FC7000709561957F4F0895F6F7909581959F4F08
:10FC80000895A1E21A2EAA1BBB1BFD010DC0AA1FDD
:10FC9000BB1FEE1FFF1FA217B307E407F50720F0F5
:10FCA000A21BB30BE40BF50B661F771F881F991F70
:10FCB0001A9469F760957095809590959B01AC01B9
:10FCC000BD01CF010895AA1BBB1B51E107C0AA1FAC
:10FCD000BB1FA617B70710F0A61BB70B881F991FED
:10FCE0005A95A9F780959095BC01CD010895F99991
:10FCF000FECF92BD81BDF89A992780B50895262F31
:10FD0000F999FECF1FBA92BD81BD20BD0FB6F89400
:0EFD1000FA9AF99A0FBE01960895F894FFCF63
:00000001FF
